Date,Intake Month,Product,Country,Cohort_type,Type,months_since_acquisition,Cohort_size,forecast_retention_rates,forecast_net_customers,Net Customers
2020-11-30,2019-01-31,A,CA,old,forecast,22,17,52.15686274509804,9.0,9
2020-12-31,2019-01-31,A,CA,old,forecast,23,17,51.37254901960784,9.0,9
2021-01-31,2019-01-31,A,CA,old,forecast,24,17,50.588235294117645,9.0,9
2021-02-28,2019-01-31,A,CA,old,forecast,25,17,49.803921568627445,8.0,9
2021-03-31,2019-01-31,A,CA,old,forecast,26,17,49.01960784313725,8.0,9
2021-04-30,2019-01-31,A,CA,old,forecast,27,17,48.23529411764706,8.0,9
2020-11-30,2019-02-28,A,CA,old,forecast,21,14,49.48979591836735,7.0,7
2020-12-31,2019-02-28,A,CA,old,forecast,22,14,48.97959183673469,7.0,7
2021-01-31,2019-02-28,A,CA,old,forecast,23,14,48.46938775510204,7.0,7
2021-02-28,2019-02-28,A,CA,old,forecast,24,14,47.95918367346939,7.0,7
2021-03-31,2019-02-28,A,CA,old,forecast,25,14,47.44897959183673,7.0,7
2021-04-30,2019-02-28,A,CA,old,forecast,26,14,46.93877551020408,7.0,7
2020-11-30,2019-03-31,A,CA,old,forecast,20,16,49.51923076923077,8.0,8
2020-12-31,2019-03-31,A,CA,old,forecast,21,16,49.03846153846154,8.0,8
2021-01-31,2019-03-31,A,CA,old,forecast,22,16,48.55769230769231,8.0,8
2021-02-28,2019-03-31,A,CA,old,forecast,23,16,48.07692307692308,8.0,8
2021-03-31,2019-03-31,A,CA,old,forecast,24,16,47.59615384615385,8.0,8
2021-04-30,2019-03-31,A,CA,old,forecast,25,16,47.11538461538461,8.0,8
2020-11-30,2019-04-30,A,CA,old,forecast,19,20,49.166666666666664,10.0,10
2020-12-31,2019-04-30,A,CA,old,forecast,20,20,48.333333333333336,10.0,10
2021-01-31,2019-04-30,A,CA,old,forecast,21,20,47.5,10.0,10
2021-02-28,2019-04-30,A,CA,old,forecast,22,20,46.666666666666664,9.0,10
2021-03-31,2019-04-30,A,CA,old,forecast,23,20,45.833333333333336,9.0,10
2021-04-30,2019-04-30,A,CA,old,forecast,24,20,45.0,9.0,10
2020-11-30,2019-05-31,A,CA,old,forecast,18,22,58.264462809917354,13.0,13
2020-12-31,2019-05-31,A,CA,old,forecast,19,22,57.43801652892562,13.0,13
2021-01-31,2019-05-31,A,CA,old,forecast,20,22,56.611570247933884,12.0,13
2021-02-28,2019-05-31,A,CA,old,forecast,21,22,55.78512396694215,12.0,13
2021-03-31,2019-05-31,A,CA,old,forecast,22,22,54.95867768595041,12.0,13
2021-04-30,2019-05-31,A,CA,old,forecast,23,22,54.13223140495868,12.0,13
2020-11-30,2019-06-30,A,CA,old,forecast,17,22,58.18181818181819,13.0,13
2020-12-31,2019-06-30,A,CA,old,forecast,18,22,57.27272727272727,13.0,13
2021-01-31,2019-06-30,A,CA,old,forecast,19,22,56.36363636363637,12.0,13
2021-02-28,2019-06-30,A,CA,old,forecast,20,22,55.45454545454545,12.0,13
2021-03-31,2019-06-30,A,CA,old,forecast,21,22,54.54545454545455,12.0,13
2021-04-30,2019-06-30,A,CA,old,forecast,22,22,53.63636363636364,12.0,13
2020-11-30,2019-07-31,A,CA,old,forecast,16,22,58.58585858585859,13.0,13
2020-12-31,2019-07-31,A,CA,old,forecast,17,22,58.08080808080808,13.0,13
2021-01-31,2019-07-31,A,CA,old,forecast,18,22,57.57575757575758,13.0,12
2021-02-28,2019-07-31,A,CA,old,forecast,19,22,57.07070707070707,13.0,12
2021-03-31,2019-07-31,A,CA,old,forecast,20,22,56.565656565656575,12.0,12
2021-04-30,2019-07-31,A,CA,old,forecast,21,22,56.06060606060607,12.0,12
2020-11-30,2019-08-31,A,CA,old,forecast,15,20,59.375,12.0,12
2020-12-31,2019-08-31,A,CA,old,forecast,16,20,58.75,12.0,11
2021-01-31,2019-08-31,A,CA,old,forecast,17,20,58.125,12.0,11
2021-02-28,2019-08-31,A,CA,old,forecast,18,20,57.5,12.0,11
2021-03-31,2019-08-31,A,CA,old,forecast,19,20,56.875,11.0,11
2021-04-30,2019-08-31,A,CA,old,forecast,20,20,56.25,11.0,11
2020-11-30,2019-09-30,A,CA,old,forecast,14,22,62.98701298701298,14.0,14
2020-12-31,2019-09-30,A,CA,old,forecast,15,22,62.33766233766233,14.0,13
2021-01-31,2019-09-30,A,CA,old,forecast,16,22,61.68831168831168,14.0,13
2021-02-28,2019-09-30,A,CA,old,forecast,17,22,61.038961038961034,13.0,13
2021-03-31,2019-09-30,A,CA,old,forecast,18,22,60.38961038961038,13.0,13
2021-04-30,2019-09-30,A,CA,old,forecast,19,22,59.74025974025973,13.0,13
2020-11-30,2019-10-31,A,CA,old,forecast,13,26,53.205128205128204,14.0,14
2020-12-31,2019-10-31,A,CA,old,forecast,14,26,52.56410256410256,14.0,13
2021-01-31,2019-10-31,A,CA,old,forecast,15,26,51.92307692307692,13.0,13
2021-02-28,2019-10-31,A,CA,old,forecast,16,26,51.282051282051285,13.0,13
2021-03-31,2019-10-31,A,CA,old,forecast,17,26,50.64102564102564,13.0,13
2021-04-30,2019-10-31,A,CA,old,forecast,18,26,50.0,13.0,13
2020-11-30,2019-11-30,A,CA,old,forecast,12,28,52.857142857142854,15.0,15
2020-12-31,2019-11-30,A,CA,old,forecast,13,28,52.14285714285714,15.0,15
2021-01-31,2019-11-30,A,CA,old,forecast,14,28,51.42857142857142,14.0,15
2021-02-28,2019-11-30,A,CA,old,forecast,15,28,50.71428571428571,14.0,14
2021-03-31,2019-11-30,A,CA,old,forecast,16,28,49.99999999999999,14.0,14
2021-04-30,2019-11-30,A,CA,old,forecast,17,28,49.28571428571428,14.0,14
2020-11-30,2019-12-31,A,CA,old,forecast,11,34,55.14705882352941,19.0,19
2020-12-31,2019-12-31,A,CA,old,forecast,12,34,54.411764705882355,19.0,19
2021-01-31,2019-12-31,A,CA,old,forecast,13,34,53.6764705882353,18.0,19
2021-02-28,2019-12-31,A,CA,old,forecast,14,34,52.94117647058824,18.0,19
2021-03-31,2019-12-31,A,CA,old,forecast,15,34,52.20588235294118,18.0,18
2021-04-30,2019-12-31,A,CA,old,forecast,16,34,51.47058823529412,18.0,18
2020-11-30,2020-01-31,A,CA,old,forecast,10,29,60.91954022988506,18.0,18
2020-12-31,2020-01-31,A,CA,old,forecast,11,29,59.770114942528735,17.0,18
2021-01-31,2020-01-31,A,CA,old,forecast,12,29,58.62068965517241,17.0,17
2021-02-28,2020-01-31,A,CA,old,forecast,13,29,57.47126436781609,17.0,17
2021-03-31,2020-01-31,A,CA,old,forecast,14,29,56.32183908045977,16.0,17
2021-04-30,2020-01-31,A,CA,old,forecast,15,29,55.172413793103445,16.0,17
2020-11-30,2020-02-29,A,CA,old,forecast,9,26,59.61538461538461,16.0,16
2020-12-31,2020-02-29,A,CA,old,forecast,10,26,57.69230769230769,15.0,16
2021-01-31,2020-02-29,A,CA,old,forecast,11,26,55.769230769230774,14.0,16
2021-02-28,2020-02-29,A,CA,old,forecast,12,26,53.84615384615385,14.0,16
2021-03-31,2020-02-29,A,CA,old,forecast,13,26,51.92307692307692,13.0,15
2021-04-30,2020-02-29,A,CA,old,forecast,14,26,50.0,13.0,15
2020-11-30,2020-03-31,A,CA,old,forecast,8,28,59.961841287679,17.0,16
2020-12-31,2020-03-31,A,CA,old,forecast,9,28,59.20939686107227,17.0,16
2021-01-31,2020-03-31,A,CA,old,forecast,10,28,58.45695243446555,16.0,16
2021-02-28,2020-03-31,A,CA,old,forecast,11,28,57.70450800785882,16.0,16
2021-03-31,2020-03-31,A,CA,old,forecast,12,28,56.9520635812521,16.0,16
2021-04-30,2020-03-31,A,CA,old,forecast,13,28,56.199619154645376,16.0,16
2020-11-30,2020-04-30,A,CA,old,forecast,7,32,55.49755557339328,18.0,18
2020-12-31,2020-04-30,A,CA,old,forecast,8,32,54.74511114678655,18.0,18
2021-01-31,2020-04-30,A,CA,old,forecast,9,32,53.99266672017983,17.0,17
2021-02-28,2020-04-30,A,CA,old,forecast,10,32,53.2402222935731,17.0,17
2021-03-31,2020-04-30,A,CA,old,forecast,11,32,52.487777866966375,17.0,17
2021-04-30,2020-04-30,A,CA,old,forecast,12,32,51.73533344035965,17.0,17
2020-11-30,2020-05-31,A,CA,old,forecast,6,34,69.83579086751092,24.0,24
2020-12-31,2020-05-31,A,CA,old,forecast,7,34,69.08334644090421,23.0,23
2021-01-31,2020-05-31,A,CA,old,forecast,8,34,68.33090201429748,23.0,23
2021-02-28,2020-05-31,A,CA,old,forecast,9,34,67.57845758769075,23.0,23
2021-03-31,2020-05-31,A,CA,old,forecast,10,34,66.82601316108403,23.0,23
2021-04-30,2020-05-31,A,CA,old,forecast,11,34,66.0735687344773,22.0,22
2020-11-30,2020-06-30,A,CA,old,forecast,5,34,69.83579086751092,24.0,23
2020-12-31,2020-06-30,A,CA,old,forecast,6,34,69.08334644090421,23.0,23
2021-01-31,2020-06-30,A,CA,old,forecast,7,34,68.33090201429748,23.0,22
2021-02-28,2020-06-30,A,CA,old,forecast,8,34,67.57845758769075,23.0,22
2021-03-31,2020-06-30,A,CA,old,forecast,9,34,66.82601316108403,23.0,22
2021-04-30,2020-06-30,A,CA,old,forecast,10,34,66.0735687344773,22.0,22
2020-11-30,2020-07-31,A,CA,old,forecast,4,34,69.83579086751092,24.0,23
2020-12-31,2020-07-31,A,CA,old,forecast,5,34,69.08334644090421,23.0,22
2021-01-31,2020-07-31,A,CA,old,forecast,6,34,68.33090201429748,23.0,22
2021-02-28,2020-07-31,A,CA,old,forecast,7,34,67.57845758769075,23.0,22
2021-03-31,2020-07-31,A,CA,old,forecast,8,34,66.82601316108403,23.0,22
2021-04-30,2020-07-31,A,CA,old,forecast,9,34,66.0735687344773,22.0,21
2020-11-30,2020-08-31,A,CA,old,forecast,3,32,83.62255557339327,27.0,25
2020-12-31,2020-08-31,A,CA,old,forecast,4,32,82.87011114678656,27.0,24
2021-01-31,2020-08-31,A,CA,old,forecast,5,32,82.11766672017983,26.0,23
2021-02-28,2020-08-31,A,CA,old,forecast,6,32,81.3652222935731,26.0,23
2021-03-31,2020-08-31,A,CA,old,forecast,7,32,80.61277786696638,26.0,23
2021-04-30,2020-08-31,A,CA,old,forecast,8,32,79.86033344035965,26.0,23
2020-11-30,2020-09-30,A,CA,old,forecast,2,34,72.77696733809915,25.0,23
2020-12-31,2020-09-30,A,CA,old,forecast,3,34,72.02452291149244,24.0,22
2021-01-31,2020-09-30,A,CA,old,forecast,4,34,71.27207848488571,24.0,21
2021-02-28,2020-09-30,A,CA,old,forecast,5,34,70.51963405827898,24.0,20
2021-03-31,2020-09-30,A,CA,old,forecast,6,34,69.76718963167227,24.0,20
2021-04-30,2020-09-30,A,CA,old,forecast,7,34,69.01474520506554,23.0,20
2020-11-30,2020-10-31,A,CA,old,forecast,1,38,99.24755557339327,38.0,32
2020-12-31,2020-10-31,A,CA,old,forecast,2,38,98.49511114678656,37.0,30
2021-01-31,2020-10-31,A,CA,old,forecast,3,38,97.74266672017983,37.0,28
2021-02-28,2020-10-31,A,CA,old,forecast,4,38,96.9902222935731,37.0,27
2021-03-31,2020-10-31,A,CA,old,forecast,5,38,96.23777786696638,37.0,26
2021-04-30,2020-10-31,A,CA,old,forecast,6,38,95.48533344035965,36.0,26
2020-11-30,2019-01-31,A,GB,old,forecast,22,96,54.583333333333336,52.0,53
2020-12-31,2019-01-31,A,GB,old,forecast,23,96,53.958333333333336,52.0,52
2021-01-31,2019-01-31,A,GB,old,forecast,24,96,53.333333333333336,51.0,52
2021-02-28,2019-01-31,A,GB,old,forecast,25,96,52.708333333333336,51.0,51
2021-03-31,2019-01-31,A,GB,old,forecast,26,96,52.083333333333336,50.0,51
2021-04-30,2019-01-31,A,GB,old,forecast,27,96,51.458333333333336,49.0,50
2020-11-30,2019-02-28,A,GB,old,forecast,21,57,50.375939849624054,29.0,29
2020-12-31,2019-02-28,A,GB,old,forecast,22,57,49.87468671679198,28.0,28
2021-01-31,2019-02-28,A,GB,old,forecast,23,57,49.373433583959894,28.0,28
2021-02-28,2019-02-28,A,GB,old,forecast,24,57,48.87218045112782,28.0,28
2021-03-31,2019-02-28,A,GB,old,forecast,25,57,48.370927318295735,28.0,28
2021-04-30,2019-02-28,A,GB,old,forecast,26,57,47.86967418546365,27.0,27
2020-11-30,2019-03-31,A,GB,old,forecast,20,66,59.90675990675991,40.0,40
2020-12-31,2019-03-31,A,GB,old,forecast,21,66,59.20745920745921,39.0,39
2021-01-31,2019-03-31,A,GB,old,forecast,22,66,58.50815850815851,39.0,39
2021-02-28,2019-03-31,A,GB,old,forecast,23,66,57.80885780885781,38.0,39
2021-03-31,2019-03-31,A,GB,old,forecast,24,66,57.10955710955711,38.0,38
2021-04-30,2019-03-31,A,GB,old,forecast,25,66,56.41025641025641,37.0,38
2020-11-30,2019-04-30,A,GB,old,forecast,19,98,56.54761904761905,55.0,56
2020-12-31,2019-04-30,A,GB,old,forecast,20,98,55.952380952380956,55.0,55
2021-01-31,2019-04-30,A,GB,old,forecast,21,98,55.35714285714286,54.0,54
2021-02-28,2019-04-30,A,GB,old,forecast,22,98,54.761904761904766,54.0,54
2021-03-31,2019-04-30,A,GB,old,forecast,23,98,54.16666666666667,53.0,53
2021-04-30,2019-04-30,A,GB,old,forecast,24,98,53.57142857142857,52.0,53
2020-11-30,2019-05-31,A,GB,old,forecast,18,115,61.027667984189726,70.0,71
2020-12-31,2019-05-31,A,GB,old,forecast,19,115,60.316205533596836,69.0,70
2021-01-31,2019-05-31,A,GB,old,forecast,20,115,59.60474308300395,69.0,69
2021-02-28,2019-05-31,A,GB,old,forecast,21,115,58.89328063241107,68.0,69
2021-03-31,2019-05-31,A,GB,old,forecast,22,115,58.18181818181819,67.0,68
2021-04-30,2019-05-31,A,GB,old,forecast,23,115,57.4703557312253,66.0,67
2020-11-30,2019-06-30,A,GB,old,forecast,17,100,63.3,63.0,63
2020-12-31,2019-06-30,A,GB,old,forecast,18,100,62.6,63.0,63
2021-01-31,2019-06-30,A,GB,old,forecast,19,100,61.9,62.0,62
2021-02-28,2019-06-30,A,GB,old,forecast,20,100,61.2,61.0,61
2021-03-31,2019-06-30,A,GB,old,forecast,21,100,60.5,60.0,61
2021-04-30,2019-06-30,A,GB,old,forecast,22,100,59.8,60.0,60
2020-11-30,2019-07-31,A,GB,old,forecast,16,93,51.01553166069295,47.0,48
2020-12-31,2019-07-31,A,GB,old,forecast,17,93,50.418160095579445,47.0,47
2021-01-31,2019-07-31,A,GB,old,forecast,18,93,49.82078853046595,46.0,47
2021-02-28,2019-07-31,A,GB,old,forecast,19,93,49.22341696535244,46.0,47
2021-03-31,2019-07-31,A,GB,old,forecast,20,93,48.626045400238944,45.0,46
2021-04-30,2019-07-31,A,GB,old,forecast,21,93,48.02867383512544,45.0,46
2020-11-30,2019-08-31,A,GB,old,forecast,15,62,54.233870967741936,34.0,34
2020-12-31,2019-08-31,A,GB,old,forecast,16,62,53.62903225806451,33.0,34
2021-01-31,2019-08-31,A,GB,old,forecast,17,62,53.02419354838709,33.0,33
2021-02-28,2019-08-31,A,GB,old,forecast,18,62,52.41935483870967,32.0,33
2021-03-31,2019-08-31,A,GB,old,forecast,19,62,51.814516129032256,32.0,33
2021-04-30,2019-08-31,A,GB,old,forecast,20,62,51.20967741935483,32.0,32
2020-11-30,2019-09-30,A,GB,old,forecast,14,70,62.24489795918366,44.0,43
2020-12-31,2019-09-30,A,GB,old,forecast,15,70,61.63265306122448,43.0,43
2021-01-31,2019-09-30,A,GB,old,forecast,16,70,61.020408163265294,43.0,43
2021-02-28,2019-09-30,A,GB,old,forecast,17,70,60.40816326530611,42.0,42
2021-03-31,2019-09-30,A,GB,old,forecast,18,70,59.79591836734692,42.0,42
2021-04-30,2019-09-30,A,GB,old,forecast,19,70,59.18367346938774,41.0,41
2020-11-30,2019-10-31,A,GB,old,forecast,13,103,53.72168284789644,55.0,56
2020-12-31,2019-10-31,A,GB,old,forecast,14,103,53.07443365695792,55.0,55
2021-01-31,2019-10-31,A,GB,old,forecast,15,103,52.42718446601941,54.0,55
2021-02-28,2019-10-31,A,GB,old,forecast,16,103,51.7799352750809,53.0,54
2021-03-31,2019-10-31,A,GB,old,forecast,17,103,51.132686084142385,53.0,54
2021-04-30,2019-10-31,A,GB,old,forecast,18,103,50.485436893203875,52.0,53
2020-11-30,2019-11-30,A,GB,old,forecast,12,120,61.833333333333336,74.0,75
2020-12-31,2019-11-30,A,GB,old,forecast,13,120,61.16666666666667,73.0,74
2021-01-31,2019-11-30,A,GB,old,forecast,14,120,60.5,73.0,73
2021-02-28,2019-11-30,A,GB,old,forecast,15,120,59.833333333333336,72.0,72
2021-03-31,2019-11-30,A,GB,old,forecast,16,120,59.16666666666667,71.0,72
2021-04-30,2019-11-30,A,GB,old,forecast,17,120,58.50000000000001,70.0,71
2020-11-30,2019-12-31,A,GB,old,forecast,11,169,60.798816568047336,103.0,103
2020-12-31,2019-12-31,A,GB,old,forecast,12,169,60.05917159763314,102.0,102
2021-01-31,2019-12-31,A,GB,old,forecast,13,169,59.319526627218934,100.0,101
2021-02-28,2019-12-31,A,GB,old,forecast,14,169,58.57988165680473,99.0,100
2021-03-31,2019-12-31,A,GB,old,forecast,15,169,57.840236686390526,98.0,99
2021-04-30,2019-12-31,A,GB,old,forecast,16,169,57.10059171597632,96.0,98
2020-11-30,2020-01-31,A,GB,old,forecast,10,106,64.46540880503146,68.0,69
2020-12-31,2020-01-31,A,GB,old,forecast,11,106,63.8364779874214,68.0,68
2021-01-31,2020-01-31,A,GB,old,forecast,12,106,63.207547169811335,67.0,67
2021-02-28,2020-01-31,A,GB,old,forecast,13,106,62.57861635220127,66.0,67
2021-03-31,2020-01-31,A,GB,old,forecast,14,106,61.94968553459122,66.0,66
2021-04-30,2020-01-31,A,GB,old,forecast,15,106,61.320754716981156,65.0,65
2020-11-30,2020-02-29,A,GB,old,forecast,9,66,64.3939393939394,43.0,42
2020-12-31,2020-02-29,A,GB,old,forecast,10,66,63.63636363636364,42.0,42
2021-01-31,2020-02-29,A,GB,old,forecast,11,66,62.87878787878788,42.0,42
2021-02-28,2020-02-29,A,GB,old,forecast,12,66,62.121212121212125,41.0,41
2021-03-31,2020-02-29,A,GB,old,forecast,13,66,61.36363636363637,40.0,41
2021-04-30,2020-02-29,A,GB,old,forecast,14,66,60.60606060606061,40.0,40
2020-11-30,2020-03-31,A,GB,old,forecast,8,75,68.72754820307206,52.0,51
2020-12-31,2020-03-31,A,GB,old,forecast,9,75,68.1217630728108,51.0,50
2021-01-31,2020-03-31,A,GB,old,forecast,10,75,67.51597794254951,51.0,50
2021-02-28,2020-03-31,A,GB,old,forecast,11,75,66.91019281228824,50.0,49
2021-03-31,2020-03-31,A,GB,old,forecast,12,75,66.30440768202698,50.0,49
2021-04-30,2020-03-31,A,GB,old,forecast,13,75,65.69862255176571,49.0,48
2020-11-30,2020-04-30,A,GB,old,forecast,7,108,64.20902968455354,69.0,70
2020-12-31,2020-04-30,A,GB,old,forecast,8,108,63.60324455429227,69.0,69
2021-01-31,2020-04-30,A,GB,old,forecast,9,108,62.997459424031,68.0,68
2021-02-28,2020-04-30,A,GB,old,forecast,10,108,62.391674293769725,67.0,68
2021-03-31,2020-04-30,A,GB,old,forecast,11,108,61.78588916350846,67.0,67
2021-04-30,2020-04-30,A,GB,old,forecast,12,108,61.18010403324718,66.0,66
2020-11-30,2020-05-31,A,GB,old,forecast,6,125,71.39421486973873,89.0,89
2020-12-31,2020-05-31,A,GB,old,forecast,7,125,70.78842973947746,88.0,88
2021-01-31,2020-05-31,A,GB,old,forecast,8,125,70.18264460921618,88.0,88
2021-02-28,2020-05-31,A,GB,old,forecast,9,125,69.57685947895492,87.0,87
2021-03-31,2020-05-31,A,GB,old,forecast,10,125,68.97107434869365,86.0,86
2021-04-30,2020-05-31,A,GB,old,forecast,11,125,68.36528921843238,85.0,85
2020-11-30,2020-06-30,A,GB,old,forecast,5,110,74.84876032428419,82.0,79
2020-12-31,2020-06-30,A,GB,old,forecast,6,110,74.24297519402292,82.0,78
2021-01-31,2020-06-30,A,GB,old,forecast,7,110,73.63719006376164,81.0,78
2021-02-28,2020-06-30,A,GB,old,forecast,8,110,73.03140493350037,80.0,77
2021-03-31,2020-06-30,A,GB,old,forecast,9,110,72.4256198032391,80.0,76
2021-04-30,2020-06-30,A,GB,old,forecast,10,110,71.81983467297783,79.0,75
2020-11-30,2020-07-31,A,GB,old,forecast,4,102,71.94323447758187,73.0,72
2020-12-31,2020-07-31,A,GB,old,forecast,5,102,71.3374493473206,73.0,69
2021-01-31,2020-07-31,A,GB,old,forecast,6,102,70.73166421705932,72.0,68
2021-02-28,2020-07-31,A,GB,old,forecast,7,102,70.12587908679805,72.0,68
2021-03-31,2020-07-31,A,GB,old,forecast,8,102,69.52009395653678,71.0,67
2021-04-30,2020-07-31,A,GB,old,forecast,9,102,68.91430882627552,70.0,66
2020-11-30,2020-08-31,A,GB,old,forecast,3,71,69.81675008100633,50.0,47
2020-12-31,2020-08-31,A,GB,old,forecast,4,71,69.21096495074507,49.0,45
2021-01-31,2020-08-31,A,GB,old,forecast,5,71,68.60517982048378,49.0,43
2021-02-28,2020-08-31,A,GB,old,forecast,6,71,67.99939469022252,48.0,43
2021-03-31,2020-08-31,A,GB,old,forecast,7,71,67.39360955996125,48.0,43
2021-04-30,2020-08-31,A,GB,old,forecast,8,71,66.78782442969998,47.0,42
2020-11-30,2020-09-30,A,GB,old,forecast,2,80,71.89421486973873,58.0,54
2020-12-31,2020-09-30,A,GB,old,forecast,3,80,71.28842973947746,57.0,50
2021-01-31,2020-09-30,A,GB,old,forecast,4,80,70.68264460921618,57.0,49
2021-02-28,2020-09-30,A,GB,old,forecast,5,80,70.07685947895492,56.0,47
2021-03-31,2020-09-30,A,GB,old,forecast,6,80,69.47107434869365,56.0,46
2021-04-30,2020-09-30,A,GB,old,forecast,7,80,68.86528921843238,55.0,46
2020-11-30,2020-10-31,A,GB,old,forecast,1,113,99.39421486973873,112.0,79
2020-12-31,2020-10-31,A,GB,old,forecast,2,113,98.78842973947746,112.0,74
2021-01-31,2020-10-31,A,GB,old,forecast,3,113,98.18264460921618,111.0,69
2021-02-28,2020-10-31,A,GB,old,forecast,4,113,97.57685947895492,110.0,67
2021-03-31,2020-10-31,A,GB,old,forecast,5,113,96.97107434869365,110.0,64
2021-04-30,2020-10-31,A,GB,old,forecast,6,113,96.36528921843238,109.0,64
2020-11-30,2019-01-31,A,US,old,forecast,22,110,54.848484848484844,60.0,60
2020-12-31,2019-01-31,A,US,old,forecast,23,110,54.24242424242424,60.0,60
2021-01-31,2019-01-31,A,US,old,forecast,24,110,53.63636363636363,59.0,59
2021-02-28,2019-01-31,A,US,old,forecast,25,110,53.03030303030303,58.0,58
2021-03-31,2019-01-31,A,US,old,forecast,26,110,52.42424242424242,58.0,58
2021-04-30,2019-01-31,A,US,old,forecast,27,110,51.81818181818181,57.0,57
2020-11-30,2019-02-28,A,US,old,forecast,21,86,55.23255813953488,48.0,48
2020-12-31,2019-02-28,A,US,old,forecast,22,86,54.651162790697676,47.0,47
2021-01-31,2019-02-28,A,US,old,forecast,23,86,54.06976744186046,46.0,47
2021-02-28,2019-02-28,A,US,old,forecast,24,86,53.48837209302325,46.0,46
2021-03-31,2019-02-28,A,US,old,forecast,25,86,52.906976744186046,46.0,46
2021-04-30,2019-02-28,A,US,old,forecast,26,86,52.325581395348834,45.0,45
2020-11-30,2019-03-31,A,US,old,forecast,20,92,52.675585284280935,48.0,49
2020-12-31,2019-03-31,A,US,old,forecast,21,92,52.09030100334448,48.0,48
2021-01-31,2019-03-31,A,US,old,forecast,22,92,51.50501672240802,47.0,48
2021-02-28,2019-03-31,A,US,old,forecast,23,92,50.919732441471574,47.0,47
2021-03-31,2019-03-31,A,US,old,forecast,24,92,50.33444816053512,46.0,47
2021-04-30,2019-03-31,A,US,old,forecast,25,92,49.74916387959866,46.0,46
2020-11-30,2019-04-30,A,US,old,forecast,19,113,51.69616519174041,58.0,58
2020-12-31,2019-04-30,A,US,old,forecast,20,113,51.17994100294985,58.0,58
2021-01-31,2019-04-30,A,US,old,forecast,21,113,50.66371681415929,57.0,57
2021-02-28,2019-04-30,A,US,old,forecast,22,113,50.14749262536873,57.0,56
2021-03-31,2019-04-30,A,US,old,forecast,23,113,49.63126843657817,56.0,56
2021-04-30,2019-04-30,A,US,old,forecast,24,113,49.11504424778761,56.0,55
2020-11-30,2019-05-31,A,US,old,forecast,18,124,54.252199413489734,67.0,67
2020-12-31,2019-05-31,A,US,old,forecast,19,124,53.665689149560116,67.0,67
2021-01-31,2019-05-31,A,US,old,forecast,20,124,53.0791788856305,66.0,66
2021-02-28,2019-05-31,A,US,old,forecast,21,124,52.49266862170088,65.0,65
2021-03-31,2019-05-31,A,US,old,forecast,22,124,51.90615835777126,64.0,65
2021-04-30,2019-05-31,A,US,old,forecast,23,124,51.319648093841636,64.0,64
2020-11-30,2019-06-30,A,US,old,forecast,17,115,60.173913043478265,69.0,70
2020-12-31,2019-06-30,A,US,old,forecast,18,115,59.47826086956522,68.0,69
2021-01-31,2019-06-30,A,US,old,forecast,19,115,58.78260869565217,68.0,68
2021-02-28,2019-06-30,A,US,old,forecast,20,115,58.08695652173913,67.0,68
2021-03-31,2019-06-30,A,US,old,forecast,21,115,57.39130434782609,66.0,67
2021-04-30,2019-06-30,A,US,old,forecast,22,115,56.69565217391305,65.0,66
2020-11-30,2019-07-31,A,US,old,forecast,16,111,59.75975975975976,66.0,66
2020-12-31,2019-07-31,A,US,old,forecast,17,111,59.15915915915916,66.0,66
2021-01-31,2019-07-31,A,US,old,forecast,18,111,58.55855855855856,65.0,65
2021-02-28,2019-07-31,A,US,old,forecast,19,111,57.95795795795796,64.0,64
2021-03-31,2019-07-31,A,US,old,forecast,20,111,57.35735735735736,64.0,64
2021-04-30,2019-07-31,A,US,old,forecast,21,111,56.75675675675676,63.0,63
2020-11-30,2019-08-31,A,US,old,forecast,15,92,52.71739130434783,48.0,49
2020-12-31,2019-08-31,A,US,old,forecast,16,92,52.17391304347826,48.0,48
2021-01-31,2019-08-31,A,US,old,forecast,17,92,51.63043478260869,48.0,48
2021-02-28,2019-08-31,A,US,old,forecast,18,92,51.086956521739125,47.0,47
2021-03-31,2019-08-31,A,US,old,forecast,19,92,50.54347826086956,46.0,47
2021-04-30,2019-08-31,A,US,old,forecast,20,92,49.99999999999999,46.0,46
2020-11-30,2019-09-30,A,US,old,forecast,14,98,59.62099125364432,58.0,58
2020-12-31,2019-09-30,A,US,old,forecast,15,98,59.03790087463557,58.0,58
2021-01-31,2019-09-30,A,US,old,forecast,16,98,58.45481049562682,57.0,57
2021-02-28,2019-09-30,A,US,old,forecast,17,98,57.87172011661808,57.0,56
2021-03-31,2019-09-30,A,US,old,forecast,18,98,57.288629737609334,56.0,56
2021-04-30,2019-09-30,A,US,old,forecast,19,98,56.70553935860058,56.0,55
2020-11-30,2019-10-31,A,US,old,forecast,13,119,67.36694677871148,80.0,80
2020-12-31,2019-10-31,A,US,old,forecast,14,119,66.66666666666667,79.0,79
2021-01-31,2019-10-31,A,US,old,forecast,15,119,65.96638655462185,78.0,79
2021-02-28,2019-10-31,A,US,old,forecast,16,119,65.26610644257703,78.0,78
2021-03-31,2019-10-31,A,US,old,forecast,17,119,64.56582633053222,77.0,77
2021-04-30,2019-10-31,A,US,old,forecast,18,119,63.865546218487395,76.0,76
2020-11-30,2019-11-30,A,US,old,forecast,12,130,59.38461538461539,77.0,77
2020-12-31,2019-11-30,A,US,old,forecast,13,130,58.76923076923077,76.0,76
2021-01-31,2019-11-30,A,US,old,forecast,14,130,58.15384615384615,76.0,75
2021-02-28,2019-11-30,A,US,old,forecast,15,130,57.53846153846153,75.0,75
2021-03-31,2019-11-30,A,US,old,forecast,16,130,56.92307692307692,74.0,74
2021-04-30,2019-11-30,A,US,old,forecast,17,130,56.30769230769231,73.0,73
2020-11-30,2019-12-31,A,US,old,forecast,11,161,59.006211180124225,95.0,95
2020-12-31,2019-12-31,A,US,old,forecast,12,161,58.38509316770186,94.0,94
2021-01-31,2019-12-31,A,US,old,forecast,13,161,57.763975155279496,93.0,93
2021-02-28,2019-12-31,A,US,old,forecast,14,161,57.14285714285714,92.0,92
2021-03-31,2019-12-31,A,US,old,forecast,15,161,56.52173913043478,91.0,91
2021-04-30,2019-12-31,A,US,old,forecast,16,161,55.90062111801242,90.0,90
2020-11-30,2020-01-31,A,US,old,forecast,10,122,61.47540983606559,75.0,75
2020-12-31,2020-01-31,A,US,old,forecast,11,122,60.655737704918046,74.0,75
2021-01-31,2020-01-31,A,US,old,forecast,12,122,59.83606557377051,73.0,74
2021-02-28,2020-01-31,A,US,old,forecast,13,122,59.01639344262298,72.0,73
2021-03-31,2020-01-31,A,US,old,forecast,14,122,58.196721311475436,71.0,72
2021-04-30,2020-01-31,A,US,old,forecast,15,122,57.3770491803279,70.0,72
2020-11-30,2020-02-29,A,US,old,forecast,9,98,58.67346938775511,58.0,57
2020-12-31,2020-02-29,A,US,old,forecast,10,98,58.16326530612246,57.0,57
2021-01-31,2020-02-29,A,US,old,forecast,11,98,57.65306122448981,57.0,56
2021-02-28,2020-02-29,A,US,old,forecast,12,98,57.14285714285716,56.0,56
2021-03-31,2020-02-29,A,US,old,forecast,13,98,56.63265306122451,56.0,55
2021-04-30,2020-02-29,A,US,old,forecast,14,98,56.12244897959186,55.0,55
2020-11-30,2020-03-31,A,US,old,forecast,8,104,64.42307692307693,67.0,67
2020-12-31,2020-03-31,A,US,old,forecast,9,104,63.46153846153848,66.0,67
2021-01-31,2020-03-31,A,US,old,forecast,10,104,62.50000000000003,65.0,66
2021-02-28,2020-03-31,A,US,old,forecast,11,104,61.538461538461576,64.0,65
2021-03-31,2020-03-31,A,US,old,forecast,12,104,60.57692307692312,63.0,65
2021-04-30,2020-03-31,A,US,old,forecast,13,104,59.61538461538467,62.0,64
2020-11-30,2020-04-30,A,US,old,forecast,7,125,56.96490043219221,71.0,72
2020-12-31,2020-04-30,A,US,old,forecast,8,125,56.329800864384424,70.0,71
2021-01-31,2020-04-30,A,US,old,forecast,9,125,55.69470129657663,70.0,70
2021-02-28,2020-04-30,A,US,old,forecast,10,125,55.05960172876885,69.0,70
2021-03-31,2020-04-30,A,US,old,forecast,11,125,54.424502160961055,68.0,69
2021-04-30,2020-04-30,A,US,old,forecast,12,125,53.78940259315326,67.0,68
2020-11-30,2020-05-31,A,US,old,forecast,6,136,64.07078278513339,87.0,88
2020-12-31,2020-05-31,A,US,old,forecast,7,136,63.4356832173256,86.0,87
2021-01-31,2020-05-31,A,US,old,forecast,8,136,62.800583649517804,85.0,86
2021-02-28,2020-05-31,A,US,old,forecast,9,136,62.16548408171002,85.0,85
2021-03-31,2020-05-31,A,US,old,forecast,10,136,61.53038451390223,84.0,84
2021-04-30,2020-05-31,A,US,old,forecast,11,136,60.895284946094435,83.0,83
2020-11-30,2020-06-30,A,US,old,forecast,5,127,63.144427991247326,80.0,77
2020-12-31,2020-06-30,A,US,old,forecast,6,127,62.50932842343954,79.0,77
2021-01-31,2020-06-30,A,US,old,forecast,7,127,61.87422885563175,79.0,76
2021-02-28,2020-06-30,A,US,old,forecast,8,127,61.239129287823964,78.0,75
2021-03-31,2020-06-30,A,US,old,forecast,9,127,60.60402972001617,77.0,74
2021-04-30,2020-06-30,A,US,old,forecast,10,127,59.96893015220838,76.0,74
2020-11-30,2020-07-31,A,US,old,forecast,4,123,75.78766465983449,93.0,91
2020-12-31,2020-07-31,A,US,old,forecast,5,123,75.15256509202669,92.0,87
2021-01-31,2020-07-31,A,US,old,forecast,6,123,74.5174655242189,92.0,86
2021-02-28,2020-07-31,A,US,old,forecast,7,123,73.88236595641112,91.0,85
2021-03-31,2020-07-31,A,US,old,forecast,8,123,73.24726638860332,90.0,84
2021-04-30,2020-07-31,A,US,old,forecast,9,123,72.61216682079554,89.0,84
2020-11-30,2020-08-31,A,US,old,forecast,3,104,82.05720812449991,85.0,80
2020-12-31,2020-08-31,A,US,old,forecast,4,104,81.42210855669211,85.0,78
2021-01-31,2020-08-31,A,US,old,forecast,5,104,80.78700898888432,84.0,74
2021-02-28,2020-08-31,A,US,old,forecast,6,104,80.15190942107654,83.0,74
2021-03-31,2020-08-31,A,US,old,forecast,7,104,79.51680985326874,83.0,73
2021-04-30,2020-08-31,A,US,old,forecast,8,104,78.88171028546095,82.0,72
2020-11-30,2020-09-30,A,US,old,forecast,2,110,78.45580952310131,86.0,81
2020-12-31,2020-09-30,A,US,old,forecast,3,110,77.82070995529351,86.0,76
2021-01-31,2020-09-30,A,US,old,forecast,4,110,77.18561038748572,85.0,74
2021-02-28,2020-09-30,A,US,old,forecast,5,110,76.55051081967794,84.0,71
2021-03-31,2020-09-30,A,US,old,forecast,6,110,75.91541125187014,84.0,70
2021-04-30,2020-09-30,A,US,old,forecast,7,110,75.28031168406235,83.0,69
2020-11-30,2020-10-31,A,US,old,forecast,1,131,99.36490043219221,130.0,97
2020-12-31,2020-10-31,A,US,old,forecast,2,131,98.72980086438442,129.0,91
2021-01-31,2020-10-31,A,US,old,forecast,3,131,98.09470129657663,129.0,85
2021-02-28,2020-10-31,A,US,old,forecast,4,131,97.45960172876885,128.0,82
2021-03-31,2020-10-31,A,US,old,forecast,5,131,96.82450216096105,127.0,79
2021-04-30,2020-10-31,A,US,old,forecast,6,131,96.18940259315326,126.0,78
2020-11-30,2019-01-31,B,CA,old,forecast,22,0,,0.0,0
2020-12-31,2019-01-31,B,CA,old,forecast,23,0,,0.0,0
2021-01-31,2019-01-31,B,CA,old,forecast,24,0,,0.0,0
2021-02-28,2019-01-31,B,CA,old,forecast,25,0,,0.0,0
2021-03-31,2019-01-31,B,CA,old,forecast,26,0,,0.0,0
2021-04-30,2019-01-31,B,CA,old,forecast,27,0,,0.0,0
2020-11-30,2019-02-28,B,CA,old,forecast,21,0,,0.0,0
2020-12-31,2019-02-28,B,CA,old,forecast,22,0,,0.0,0
2021-01-31,2019-02-28,B,CA,old,forecast,23,0,,0.0,0
2021-02-28,2019-02-28,B,CA,old,forecast,24,0,,0.0,0
2021-03-31,2019-02-28,B,CA,old,forecast,25,0,,0.0,0
2021-04-30,2019-02-28,B,CA,old,forecast,26,0,,0.0,0
2020-11-30,2019-03-31,B,CA,old,forecast,20,0,,0.0,0
2020-12-31,2019-03-31,B,CA,old,forecast,21,0,,0.0,0
2021-01-31,2019-03-31,B,CA,old,forecast,22,0,,0.0,0
2021-02-28,2019-03-31,B,CA,old,forecast,23,0,,0.0,0
2021-03-31,2019-03-31,B,CA,old,forecast,24,0,,0.0,0
2021-04-30,2019-03-31,B,CA,old,forecast,25,0,,0.0,0
2020-11-30,2019-04-30,B,CA,old,forecast,19,0,,0.0,0
2020-12-31,2019-04-30,B,CA,old,forecast,20,0,,0.0,0
2021-01-31,2019-04-30,B,CA,old,forecast,21,0,,0.0,0
2021-02-28,2019-04-30,B,CA,old,forecast,22,0,,0.0,0
2021-03-31,2019-04-30,B,CA,old,forecast,23,0,,0.0,0
2021-04-30,2019-04-30,B,CA,old,forecast,24,0,,0.0,0
2020-11-30,2019-05-31,B,CA,old,forecast,18,31,54.252199413489734,17.0,17
2020-12-31,2019-05-31,B,CA,old,forecast,19,31,53.665689149560116,17.0,17
2021-01-31,2019-05-31,B,CA,old,forecast,20,31,53.0791788856305,16.0,17
2021-02-28,2019-05-31,B,CA,old,forecast,21,31,52.49266862170088,16.0,17
2021-03-31,2019-05-31,B,CA,old,forecast,22,31,51.90615835777126,16.0,17
2021-04-30,2019-05-31,B,CA,old,forecast,23,31,51.319648093841636,16.0,16
2020-11-30,2019-06-30,B,CA,old,forecast,17,46,60.21739130434783,28.0,27
2020-12-31,2019-06-30,B,CA,old,forecast,18,46,59.565217391304344,27.0,27
2021-01-31,2019-06-30,B,CA,old,forecast,19,46,58.91304347826087,27.0,27
2021-02-28,2019-06-30,B,CA,old,forecast,20,46,58.26086956521739,27.0,27
2021-03-31,2019-06-30,B,CA,old,forecast,21,46,57.60869565217391,26.0,26
2021-04-30,2019-06-30,B,CA,old,forecast,22,46,56.95652173913043,26.0,26
2020-11-30,2019-07-31,B,CA,old,forecast,16,0,,0.0,0
2020-12-31,2019-07-31,B,CA,old,forecast,17,0,,0.0,0
2021-01-31,2019-07-31,B,CA,old,forecast,18,0,,0.0,0
2021-02-28,2019-07-31,B,CA,old,forecast,19,0,,0.0,0
2021-03-31,2019-07-31,B,CA,old,forecast,20,0,,0.0,0
2021-04-30,2019-07-31,B,CA,old,forecast,21,0,,0.0,0
2020-11-30,2019-08-31,B,CA,old,forecast,15,0,,0.0,0
2020-12-31,2019-08-31,B,CA,old,forecast,16,0,,0.0,0
2021-01-31,2019-08-31,B,CA,old,forecast,17,0,,0.0,0
2021-02-28,2019-08-31,B,CA,old,forecast,18,0,,0.0,0
2021-03-31,2019-08-31,B,CA,old,forecast,19,0,,0.0,0
2021-04-30,2019-08-31,B,CA,old,forecast,20,0,,0.0,0
2020-11-30,2019-09-30,B,CA,old,forecast,14,0,,0.0,0
2020-12-31,2019-09-30,B,CA,old,forecast,15,0,,0.0,0
2021-01-31,2019-09-30,B,CA,old,forecast,16,0,,0.0,0
2021-02-28,2019-09-30,B,CA,old,forecast,17,0,,0.0,0
2021-03-31,2019-09-30,B,CA,old,forecast,18,0,,0.0,0
2021-04-30,2019-09-30,B,CA,old,forecast,19,0,,0.0,0
2020-11-30,2019-10-31,B,CA,old,forecast,13,0,,0.0,0
2020-12-31,2019-10-31,B,CA,old,forecast,14,0,,0.0,0
2021-01-31,2019-10-31,B,CA,old,forecast,15,0,,0.0,0
2021-02-28,2019-10-31,B,CA,old,forecast,16,0,,0.0,0
2021-03-31,2019-10-31,B,CA,old,forecast,17,0,,0.0,0
2021-04-30,2019-10-31,B,CA,old,forecast,18,0,,0.0,0
2020-11-30,2019-11-30,B,CA,old,forecast,12,32,55.625,18.0,18
2020-12-31,2019-11-30,B,CA,old,forecast,13,32,55.0,18.0,18
2021-01-31,2019-11-30,B,CA,old,forecast,14,32,54.375,17.0,18
2021-02-28,2019-11-30,B,CA,old,forecast,15,32,53.75,17.0,18
2021-03-31,2019-11-30,B,CA,old,forecast,16,32,53.125,17.0,18
2021-04-30,2019-11-30,B,CA,old,forecast,17,32,52.5,17.0,17
2020-11-30,2019-12-31,B,CA,old,forecast,11,54,58.79629629629629,32.0,31
2020-12-31,2019-12-31,B,CA,old,forecast,12,54,58.33333333333333,31.0,31
2021-01-31,2019-12-31,B,CA,old,forecast,13,54,57.87037037037037,31.0,31
2021-02-28,2019-12-31,B,CA,old,forecast,14,54,57.4074074074074,31.0,30
2021-03-31,2019-12-31,B,CA,old,forecast,15,54,56.94444444444443,31.0,30
2021-04-30,2019-12-31,B,CA,old,forecast,16,54,56.48148148148147,30.0,30
2020-11-30,2020-01-31,B,CA,old,forecast,10,0,,0.0,0
2020-12-31,2020-01-31,B,CA,old,forecast,11,0,,0.0,0
2021-01-31,2020-01-31,B,CA,old,forecast,12,0,,0.0,0
2021-02-28,2020-01-31,B,CA,old,forecast,13,0,,0.0,0
2021-03-31,2020-01-31,B,CA,old,forecast,14,0,,0.0,0
2021-04-30,2020-01-31,B,CA,old,forecast,15,0,,0.0,0
2020-11-30,2020-02-29,B,CA,old,forecast,9,0,,0.0,0
2020-12-31,2020-02-29,B,CA,old,forecast,10,0,,0.0,0
2021-01-31,2020-02-29,B,CA,old,forecast,11,0,,0.0,0
2021-02-28,2020-02-29,B,CA,old,forecast,12,0,,0.0,0
2021-03-31,2020-02-29,B,CA,old,forecast,13,0,,0.0,0
2021-04-30,2020-02-29,B,CA,old,forecast,14,0,,0.0,0
2020-11-30,2020-03-31,B,CA,old,forecast,8,0,,0.0,0
2020-12-31,2020-03-31,B,CA,old,forecast,9,0,,0.0,0
2021-01-31,2020-03-31,B,CA,old,forecast,10,0,,0.0,0
2021-02-28,2020-03-31,B,CA,old,forecast,11,0,,0.0,0
2021-03-31,2020-03-31,B,CA,old,forecast,12,0,,0.0,0
2021-04-30,2020-03-31,B,CA,old,forecast,13,0,,0.0,0
2020-11-30,2020-04-30,B,CA,old,forecast,7,0,,0.0,0
2020-12-31,2020-04-30,B,CA,old,forecast,8,0,,0.0,0
2021-01-31,2020-04-30,B,CA,old,forecast,9,0,,0.0,0
2021-02-28,2020-04-30,B,CA,old,forecast,10,0,,0.0,0
2021-03-31,2020-04-30,B,CA,old,forecast,11,0,,0.0,0
2021-04-30,2020-04-30,B,CA,old,forecast,12,0,,0.0,0
2020-11-30,2020-05-31,B,CA,old,forecast,6,32,68.16833821501598,22.0,21
2020-12-31,2020-05-31,B,CA,old,forecast,7,32,67.58667643003197,22.0,21
2021-01-31,2020-05-31,B,CA,old,forecast,8,32,67.00501464504795,21.0,21
2021-02-28,2020-05-31,B,CA,old,forecast,9,32,66.42335286006394,21.0,21
2021-03-31,2020-05-31,B,CA,old,forecast,10,32,65.84169107507992,21.0,21
2021-04-30,2020-05-31,B,CA,old,forecast,11,32,65.2600292900959,21.0,20
2020-11-30,2020-06-30,B,CA,old,forecast,5,48,61.918338215015986,30.0,29
2020-12-31,2020-06-30,B,CA,old,forecast,6,48,61.33667643003197,29.0,29
2021-01-31,2020-06-30,B,CA,old,forecast,7,48,60.75501464504795,29.0,29
2021-02-28,2020-06-30,B,CA,old,forecast,8,48,60.173352860063936,29.0,28
2021-03-31,2020-06-30,B,CA,old,forecast,9,48,59.59169107507992,29.0,28
2021-04-30,2020-06-30,B,CA,old,forecast,10,48,59.01002929009591,28.0,28
2020-11-30,2020-07-31,B,CA,old,forecast,4,0,,0.0,0
2020-12-31,2020-07-31,B,CA,old,forecast,5,0,,0.0,0
2021-01-31,2020-07-31,B,CA,old,forecast,6,0,,0.0,0
2021-02-28,2020-07-31,B,CA,old,forecast,7,0,,0.0,0
2021-03-31,2020-07-31,B,CA,old,forecast,8,0,,0.0,0
2021-04-30,2020-07-31,B,CA,old,forecast,9,0,,0.0,0
2020-11-30,2020-08-31,B,CA,old,forecast,3,0,,0.0,0
2020-12-31,2020-08-31,B,CA,old,forecast,4,0,,0.0,0
2021-01-31,2020-08-31,B,CA,old,forecast,5,0,,0.0,0
2021-02-28,2020-08-31,B,CA,old,forecast,6,0,,0.0,0
2021-03-31,2020-08-31,B,CA,old,forecast,7,0,,0.0,0
2021-04-30,2020-08-31,B,CA,old,forecast,8,0,,0.0,0
2020-11-30,2020-09-30,B,CA,old,forecast,2,0,,0.0,0
2020-12-31,2020-09-30,B,CA,old,forecast,3,0,,0.0,0
2021-01-31,2020-09-30,B,CA,old,forecast,4,0,,0.0,0
2021-02-28,2020-09-30,B,CA,old,forecast,5,0,,0.0,0
2021-03-31,2020-09-30,B,CA,old,forecast,6,0,,0.0,0
2021-04-30,2020-09-30,B,CA,old,forecast,7,0,,0.0,0
2020-11-30,2020-10-31,B,CA,old,forecast,1,0,,0.0,0
2020-12-31,2020-10-31,B,CA,old,forecast,2,0,,0.0,0
2021-01-31,2020-10-31,B,CA,old,forecast,3,0,,0.0,0
2021-02-28,2020-10-31,B,CA,old,forecast,4,0,,0.0,0
2021-03-31,2020-10-31,B,CA,old,forecast,5,0,,0.0,0
2021-04-30,2020-10-31,B,CA,old,forecast,6,0,,0.0,0
2020-11-30,2019-01-31,B,GB,old,forecast,22,0,,0.0,0
2020-12-31,2019-01-31,B,GB,old,forecast,23,0,,0.0,0
2021-01-31,2019-01-31,B,GB,old,forecast,24,0,,0.0,0
2021-02-28,2019-01-31,B,GB,old,forecast,25,0,,0.0,0
2021-03-31,2019-01-31,B,GB,old,forecast,26,0,,0.0,0
2021-04-30,2019-01-31,B,GB,old,forecast,27,0,,0.0,0
2020-11-30,2019-02-28,B,GB,old,forecast,21,0,,0.0,0
2020-12-31,2019-02-28,B,GB,old,forecast,22,0,,0.0,0
2021-01-31,2019-02-28,B,GB,old,forecast,23,0,,0.0,0
2021-02-28,2019-02-28,B,GB,old,forecast,24,0,,0.0,0
2021-03-31,2019-02-28,B,GB,old,forecast,25,0,,0.0,0
2021-04-30,2019-02-28,B,GB,old,forecast,26,0,,0.0,0
2020-11-30,2019-03-31,B,GB,old,forecast,20,0,,0.0,0
2020-12-31,2019-03-31,B,GB,old,forecast,21,0,,0.0,0
2021-01-31,2019-03-31,B,GB,old,forecast,22,0,,0.0,0
2021-02-28,2019-03-31,B,GB,old,forecast,23,0,,0.0,0
2021-03-31,2019-03-31,B,GB,old,forecast,24,0,,0.0,0
2021-04-30,2019-03-31,B,GB,old,forecast,25,0,,0.0,0
2020-11-30,2019-04-30,B,GB,old,forecast,19,0,,0.0,0
2020-12-31,2019-04-30,B,GB,old,forecast,20,0,,0.0,0
2021-01-31,2019-04-30,B,GB,old,forecast,21,0,,0.0,0
2021-02-28,2019-04-30,B,GB,old,forecast,22,0,,0.0,0
2021-03-31,2019-04-30,B,GB,old,forecast,23,0,,0.0,0
2021-04-30,2019-04-30,B,GB,old,forecast,24,0,,0.0,0
2020-11-30,2019-05-31,B,GB,old,forecast,18,123,61.936437546193645,76.0,76
2020-12-31,2019-05-31,B,GB,old,forecast,19,123,61.27124907612713,75.0,76
2021-01-31,2019-05-31,B,GB,old,forecast,20,123,60.6060606060606,75.0,75
2021-02-28,2019-05-31,B,GB,old,forecast,21,123,59.940872135994084,74.0,74
2021-03-31,2019-05-31,B,GB,old,forecast,22,123,59.275683665927566,73.0,73
2021-04-30,2019-05-31,B,GB,old,forecast,23,123,58.61049519586105,72.0,73
2020-11-30,2019-06-30,B,GB,old,forecast,17,164,56.707317073170735,93.0,93
2020-12-31,2019-06-30,B,GB,old,forecast,18,164,56.09756097560976,92.0,92
2021-01-31,2019-06-30,B,GB,old,forecast,19,164,55.487804878048784,91.0,91
2021-02-28,2019-06-30,B,GB,old,forecast,20,164,54.87804878048781,90.0,90
2021-03-31,2019-06-30,B,GB,old,forecast,21,164,54.268292682926834,89.0,89
2021-04-30,2019-06-30,B,GB,old,forecast,22,164,53.65853658536586,88.0,89
2020-11-30,2019-07-31,B,GB,old,forecast,16,0,,0.0,0
2020-12-31,2019-07-31,B,GB,old,forecast,17,0,,0.0,0
2021-01-31,2019-07-31,B,GB,old,forecast,18,0,,0.0,0
2021-02-28,2019-07-31,B,GB,old,forecast,19,0,,0.0,0
2021-03-31,2019-07-31,B,GB,old,forecast,20,0,,0.0,0
2021-04-30,2019-07-31,B,GB,old,forecast,21,0,,0.0,0
2020-11-30,2019-08-31,B,GB,old,forecast,15,0,,0.0,0
2020-12-31,2019-08-31,B,GB,old,forecast,16,0,,0.0,0
2021-01-31,2019-08-31,B,GB,old,forecast,17,0,,0.0,0
2021-02-28,2019-08-31,B,GB,old,forecast,18,0,,0.0,0
2021-03-31,2019-08-31,B,GB,old,forecast,19,0,,0.0,0
2021-04-30,2019-08-31,B,GB,old,forecast,20,0,,0.0,0
2020-11-30,2019-09-30,B,GB,old,forecast,14,0,,0.0,0
2020-12-31,2019-09-30,B,GB,old,forecast,15,0,,0.0,0
2021-01-31,2019-09-30,B,GB,old,forecast,16,0,,0.0,0
2021-02-28,2019-09-30,B,GB,old,forecast,17,0,,0.0,0
2021-03-31,2019-09-30,B,GB,old,forecast,18,0,,0.0,0
2021-04-30,2019-09-30,B,GB,old,forecast,19,0,,0.0,0
2020-11-30,2019-10-31,B,GB,old,forecast,13,0,,0.0,0
2020-12-31,2019-10-31,B,GB,old,forecast,14,0,,0.0,0
2021-01-31,2019-10-31,B,GB,old,forecast,15,0,,0.0,0
2021-02-28,2019-10-31,B,GB,old,forecast,16,0,,0.0,0
2021-03-31,2019-10-31,B,GB,old,forecast,17,0,,0.0,0
2021-04-30,2019-10-31,B,GB,old,forecast,18,0,,0.0,0
2020-11-30,2019-11-30,B,GB,old,forecast,12,128,54.0625,69.0,70
2020-12-31,2019-11-30,B,GB,old,forecast,13,128,53.4375,68.0,69
2021-01-31,2019-11-30,B,GB,old,forecast,14,128,52.8125,68.0,68
2021-02-28,2019-11-30,B,GB,old,forecast,15,128,52.1875,67.0,68
2021-03-31,2019-11-30,B,GB,old,forecast,16,128,51.5625,66.0,67
2021-04-30,2019-11-30,B,GB,old,forecast,17,128,50.9375,65.0,66
2020-11-30,2019-12-31,B,GB,old,forecast,11,189,53.835978835978835,102.0,102
2020-12-31,2019-12-31,B,GB,old,forecast,12,189,53.17460317460318,100.0,101
2021-01-31,2019-12-31,B,GB,old,forecast,13,189,52.51322751322752,99.0,100
2021-02-28,2019-12-31,B,GB,old,forecast,14,189,51.851851851851855,98.0,99
2021-03-31,2019-12-31,B,GB,old,forecast,15,189,51.19047619047619,97.0,98
2021-04-30,2019-12-31,B,GB,old,forecast,16,189,50.52910052910053,96.0,97
2020-11-30,2020-01-31,B,GB,old,forecast,10,0,,0.0,0
2020-12-31,2020-01-31,B,GB,old,forecast,11,0,,0.0,0
2021-01-31,2020-01-31,B,GB,old,forecast,12,0,,0.0,0
2021-02-28,2020-01-31,B,GB,old,forecast,13,0,,0.0,0
2021-03-31,2020-01-31,B,GB,old,forecast,14,0,,0.0,0
2021-04-30,2020-01-31,B,GB,old,forecast,15,0,,0.0,0
2020-11-30,2020-02-29,B,GB,old,forecast,9,0,,0.0,0
2020-12-31,2020-02-29,B,GB,old,forecast,10,0,,0.0,0
2021-01-31,2020-02-29,B,GB,old,forecast,11,0,,0.0,0
2021-02-28,2020-02-29,B,GB,old,forecast,12,0,,0.0,0
2021-03-31,2020-02-29,B,GB,old,forecast,13,0,,0.0,0
2021-04-30,2020-02-29,B,GB,old,forecast,14,0,,0.0,0
2020-11-30,2020-03-31,B,GB,old,forecast,8,0,,0.0,0
2020-12-31,2020-03-31,B,GB,old,forecast,9,0,,0.0,0
2021-01-31,2020-03-31,B,GB,old,forecast,10,0,,0.0,0
2021-02-28,2020-03-31,B,GB,old,forecast,11,0,,0.0,0
2021-03-31,2020-03-31,B,GB,old,forecast,12,0,,0.0,0
2021-04-30,2020-03-31,B,GB,old,forecast,13,0,,0.0,0
2020-11-30,2020-04-30,B,GB,old,forecast,7,0,,0.0,0
2020-12-31,2020-04-30,B,GB,old,forecast,8,0,,0.0,0
2021-01-31,2020-04-30,B,GB,old,forecast,9,0,,0.0,0
2021-02-28,2020-04-30,B,GB,old,forecast,10,0,,0.0,0
2021-03-31,2020-04-30,B,GB,old,forecast,11,0,,0.0,0
2021-04-30,2020-04-30,B,GB,old,forecast,12,0,,0.0,0
2020-11-30,2020-05-31,B,GB,old,forecast,6,133,58.75816618335072,78.0,78
2020-12-31,2020-05-31,B,GB,old,forecast,7,133,58.117836126099924,77.0,77
2021-01-31,2020-05-31,B,GB,old,forecast,8,133,57.47750606884914,76.0,77
2021-02-28,2020-05-31,B,GB,old,forecast,9,133,56.837176011598345,76.0,76
2021-03-31,2020-05-31,B,GB,old,forecast,10,133,56.19684595434756,75.0,75
2021-04-30,2020-05-31,B,GB,old,forecast,11,133,55.55651589709677,74.0,74
2020-11-30,2020-06-30,B,GB,old,forecast,5,174,65.45162396573771,114.0,110
2020-12-31,2020-06-30,B,GB,old,forecast,6,174,64.81129390848693,113.0,109
2021-01-31,2020-06-30,B,GB,old,forecast,7,174,64.17096385123614,112.0,107
2021-02-28,2020-06-30,B,GB,old,forecast,8,174,63.530633793985345,111.0,106
2021-03-31,2020-06-30,B,GB,old,forecast,9,174,62.89030373673456,109.0,105
2021-04-30,2020-06-30,B,GB,old,forecast,10,174,62.24997367948377,108.0,104
2020-11-30,2020-07-31,B,GB,old,forecast,4,0,,0.0,0
2020-12-31,2020-07-31,B,GB,old,forecast,5,0,,0.0,0
2021-01-31,2020-07-31,B,GB,old,forecast,6,0,,0.0,0
2021-02-28,2020-07-31,B,GB,old,forecast,7,0,,0.0,0
2021-03-31,2020-07-31,B,GB,old,forecast,8,0,,0.0,0
2021-04-30,2020-07-31,B,GB,old,forecast,9,0,,0.0,0
2020-11-30,2020-08-31,B,GB,old,forecast,3,0,,0.0,0
2020-12-31,2020-08-31,B,GB,old,forecast,4,0,,0.0,0
2021-01-31,2020-08-31,B,GB,old,forecast,5,0,,0.0,0
2021-02-28,2020-08-31,B,GB,old,forecast,6,0,,0.0,0
2021-03-31,2020-08-31,B,GB,old,forecast,7,0,,0.0,0
2021-04-30,2020-08-31,B,GB,old,forecast,8,0,,0.0,0
2020-11-30,2020-09-30,B,GB,old,forecast,2,0,,0.0,0
2020-12-31,2020-09-30,B,GB,old,forecast,3,0,,0.0,0
2021-01-31,2020-09-30,B,GB,old,forecast,4,0,,0.0,0
2021-02-28,2020-09-30,B,GB,old,forecast,5,0,,0.0,0
2021-03-31,2020-09-30,B,GB,old,forecast,6,0,,0.0,0
2021-04-30,2020-09-30,B,GB,old,forecast,7,0,,0.0,0
2020-11-30,2020-10-31,B,GB,old,forecast,1,0,,0.0,0
2020-12-31,2020-10-31,B,GB,old,forecast,2,0,,0.0,0
2021-01-31,2020-10-31,B,GB,old,forecast,3,0,,0.0,0
2021-02-28,2020-10-31,B,GB,old,forecast,4,0,,0.0,0
2021-03-31,2020-10-31,B,GB,old,forecast,5,0,,0.0,0
2021-04-30,2020-10-31,B,GB,old,forecast,6,0,,0.0,0
2020-11-30,2019-01-31,B,US,old,forecast,22,0,,0.0,0
2020-12-31,2019-01-31,B,US,old,forecast,23,0,,0.0,0
2021-01-31,2019-01-31,B,US,old,forecast,24,0,,0.0,0
2021-02-28,2019-01-31,B,US,old,forecast,25,0,,0.0,0
2021-03-31,2019-01-31,B,US,old,forecast,26,0,,0.0,0
2021-04-30,2019-01-31,B,US,old,forecast,27,0,,0.0,0
2020-11-30,2019-02-28,B,US,old,forecast,21,0,,0.0,0
2020-12-31,2019-02-28,B,US,old,forecast,22,0,,0.0,0
2021-01-31,2019-02-28,B,US,old,forecast,23,0,,0.0,0
2021-02-28,2019-02-28,B,US,old,forecast,24,0,,0.0,0
2021-03-31,2019-02-28,B,US,old,forecast,25,0,,0.0,0
2021-04-30,2019-02-28,B,US,old,forecast,26,0,,0.0,0
2020-11-30,2019-03-31,B,US,old,forecast,20,0,,0.0,0
2020-12-31,2019-03-31,B,US,old,forecast,21,0,,0.0,0
2021-01-31,2019-03-31,B,US,old,forecast,22,0,,0.0,0
2021-02-28,2019-03-31,B,US,old,forecast,23,0,,0.0,0
2021-03-31,2019-03-31,B,US,old,forecast,24,0,,0.0,0
2021-04-30,2019-03-31,B,US,old,forecast,25,0,,0.0,0
2020-11-30,2019-04-30,B,US,old,forecast,19,0,,0.0,0
2020-12-31,2019-04-30,B,US,old,forecast,20,0,,0.0,0
2021-01-31,2019-04-30,B,US,old,forecast,21,0,,0.0,0
2021-02-28,2019-04-30,B,US,old,forecast,22,0,,0.0,0
2021-03-31,2019-04-30,B,US,old,forecast,23,0,,0.0,0
2021-04-30,2019-04-30,B,US,old,forecast,24,0,,0.0,0
2020-11-30,2019-05-31,B,US,old,forecast,18,204,64.52762923351159,132.0,131
2020-12-31,2019-05-31,B,US,old,forecast,19,204,63.85918003565063,130.0,130
2021-01-31,2019-05-31,B,US,old,forecast,20,204,63.19073083778967,129.0,129
2021-02-28,2019-05-31,B,US,old,forecast,21,204,62.52228163992871,128.0,127
2021-03-31,2019-05-31,B,US,old,forecast,22,204,61.85383244206775,126.0,126
2021-04-30,2019-05-31,B,US,old,forecast,23,204,61.18538324420678,125.0,125
2020-11-30,2019-06-30,B,US,old,forecast,17,305,49.31147540983606,150.0,151
2020-12-31,2019-06-30,B,US,old,forecast,18,305,48.78688524590164,149.0,149
2021-01-31,2019-06-30,B,US,old,forecast,19,305,48.26229508196721,147.0,148
2021-02-28,2019-06-30,B,US,old,forecast,20,305,47.73770491803278,146.0,146
2021-03-31,2019-06-30,B,US,old,forecast,21,305,47.213114754098356,144.0,145
2021-04-30,2019-06-30,B,US,old,forecast,22,305,46.68852459016394,142.0,143
2020-11-30,2019-07-31,B,US,old,forecast,16,0,,0.0,0
2020-12-31,2019-07-31,B,US,old,forecast,17,0,,0.0,0
2021-01-31,2019-07-31,B,US,old,forecast,18,0,,0.0,0
2021-02-28,2019-07-31,B,US,old,forecast,19,0,,0.0,0
2021-03-31,2019-07-31,B,US,old,forecast,20,0,,0.0,0
2021-04-30,2019-07-31,B,US,old,forecast,21,0,,0.0,0
2020-11-30,2019-08-31,B,US,old,forecast,15,0,,0.0,0
2020-12-31,2019-08-31,B,US,old,forecast,16,0,,0.0,0
2021-01-31,2019-08-31,B,US,old,forecast,17,0,,0.0,0
2021-02-28,2019-08-31,B,US,old,forecast,18,0,,0.0,0
2021-03-31,2019-08-31,B,US,old,forecast,19,0,,0.0,0
2021-04-30,2019-08-31,B,US,old,forecast,20,0,,0.0,0
2020-11-30,2019-09-30,B,US,old,forecast,14,0,,0.0,0
2020-12-31,2019-09-30,B,US,old,forecast,15,0,,0.0,0
2021-01-31,2019-09-30,B,US,old,forecast,16,0,,0.0,0
2021-02-28,2019-09-30,B,US,old,forecast,17,0,,0.0,0
2021-03-31,2019-09-30,B,US,old,forecast,18,0,,0.0,0
2021-04-30,2019-09-30,B,US,old,forecast,19,0,,0.0,0
2020-11-30,2019-10-31,B,US,old,forecast,13,0,,0.0,0
2020-12-31,2019-10-31,B,US,old,forecast,14,0,,0.0,0
2021-01-31,2019-10-31,B,US,old,forecast,15,0,,0.0,0
2021-02-28,2019-10-31,B,US,old,forecast,16,0,,0.0,0
2021-03-31,2019-10-31,B,US,old,forecast,17,0,,0.0,0
2021-04-30,2019-10-31,B,US,old,forecast,18,0,,0.0,0
2020-11-30,2019-11-30,B,US,old,forecast,12,210,60.85714285714286,128.0,127
2020-12-31,2019-11-30,B,US,old,forecast,13,210,60.285714285714285,127.0,126
2021-01-31,2019-11-30,B,US,old,forecast,14,210,59.714285714285715,125.0,125
2021-02-28,2019-11-30,B,US,old,forecast,15,210,59.14285714285714,124.0,123
2021-03-31,2019-11-30,B,US,old,forecast,16,210,58.57142857142857,123.0,122
2021-04-30,2019-11-30,B,US,old,forecast,17,210,58.0,122.0,121
2020-11-30,2019-12-31,B,US,old,forecast,11,361,58.72576177285318,212.0,211
2020-12-31,2019-12-31,B,US,old,forecast,12,361,58.17174515235457,210.0,209
2021-01-31,2019-12-31,B,US,old,forecast,13,361,57.61772853185595,208.0,207
2021-02-28,2019-12-31,B,US,old,forecast,14,361,57.06371191135734,206.0,205
2021-03-31,2019-12-31,B,US,old,forecast,15,361,56.50969529085872,204.0,203
2021-04-30,2019-12-31,B,US,old,forecast,16,361,55.95567867036011,202.0,201
2020-11-30,2020-01-31,B,US,old,forecast,10,0,,0.0,0
2020-12-31,2020-01-31,B,US,old,forecast,11,0,,0.0,0
2021-01-31,2020-01-31,B,US,old,forecast,12,0,,0.0,0
2021-02-28,2020-01-31,B,US,old,forecast,13,0,,0.0,0
2021-03-31,2020-01-31,B,US,old,forecast,14,0,,0.0,0
2021-04-30,2020-01-31,B,US,old,forecast,15,0,,0.0,0
2020-11-30,2020-02-29,B,US,old,forecast,9,0,,0.0,0
2020-12-31,2020-02-29,B,US,old,forecast,10,0,,0.0,0
2021-01-31,2020-02-29,B,US,old,forecast,11,0,,0.0,0
2021-02-28,2020-02-29,B,US,old,forecast,12,0,,0.0,0
2021-03-31,2020-02-29,B,US,old,forecast,13,0,,0.0,0
2021-04-30,2020-02-29,B,US,old,forecast,14,0,,0.0,0
2020-11-30,2020-03-31,B,US,old,forecast,8,0,,0.0,0
2020-12-31,2020-03-31,B,US,old,forecast,9,0,,0.0,0
2021-01-31,2020-03-31,B,US,old,forecast,10,0,,0.0,0
2021-02-28,2020-03-31,B,US,old,forecast,11,0,,0.0,0
2021-03-31,2020-03-31,B,US,old,forecast,12,0,,0.0,0
2021-04-30,2020-03-31,B,US,old,forecast,13,0,,0.0,0
2020-11-30,2020-04-30,B,US,old,forecast,7,0,,0.0,0
2020-12-31,2020-04-30,B,US,old,forecast,8,0,,0.0,0
2021-01-31,2020-04-30,B,US,old,forecast,9,0,,0.0,0
2021-02-28,2020-04-30,B,US,old,forecast,10,0,,0.0,0
2021-03-31,2020-04-30,B,US,old,forecast,11,0,,0.0,0
2021-04-30,2020-04-30,B,US,old,forecast,12,0,,0.0,0
2020-11-30,2020-05-31,B,US,old,forecast,6,216,68.8648233060138,149.0,149
2020-12-31,2020-05-31,B,US,old,forecast,7,216,68.28520216758315,147.0,147
2021-01-31,2020-05-31,B,US,old,forecast,8,216,67.70558102915251,146.0,146
2021-02-28,2020-05-31,B,US,old,forecast,9,216,67.12595989072187,145.0,145
2021-03-31,2020-05-31,B,US,old,forecast,10,216,66.54633875229122,144.0,143
2021-04-30,2020-05-31,B,US,old,forecast,11,216,65.96671761386058,142.0,142
2020-11-30,2020-06-30,B,US,old,forecast,5,317,73.23741356188482,232.0,224
2020-12-31,2020-06-30,B,US,old,forecast,6,317,72.65779242345417,230.0,221
2021-01-31,2020-06-30,B,US,old,forecast,7,317,72.07817128502353,228.0,219
2021-02-28,2020-06-30,B,US,old,forecast,8,317,71.49855014659289,227.0,217
2021-03-31,2020-06-30,B,US,old,forecast,9,317,70.91892900816224,225.0,215
2021-04-30,2020-06-30,B,US,old,forecast,10,317,70.3393078697316,223.0,213
2020-11-30,2020-07-31,B,US,old,forecast,4,0,,0.0,0
2020-12-31,2020-07-31,B,US,old,forecast,5,0,,0.0,0
2021-01-31,2020-07-31,B,US,old,forecast,6,0,,0.0,0
2021-02-28,2020-07-31,B,US,old,forecast,7,0,,0.0,0
2021-03-31,2020-07-31,B,US,old,forecast,8,0,,0.0,0
2021-04-30,2020-07-31,B,US,old,forecast,9,0,,0.0,0
2020-11-30,2020-08-31,B,US,old,forecast,3,0,,0.0,0
2020-12-31,2020-08-31,B,US,old,forecast,4,0,,0.0,0
2021-01-31,2020-08-31,B,US,old,forecast,5,0,,0.0,0
2021-02-28,2020-08-31,B,US,old,forecast,6,0,,0.0,0
2021-03-31,2020-08-31,B,US,old,forecast,7,0,,0.0,0
2021-04-30,2020-08-31,B,US,old,forecast,8,0,,0.0,0
2020-11-30,2020-09-30,B,US,old,forecast,2,0,,0.0,0
2020-12-31,2020-09-30,B,US,old,forecast,3,0,,0.0,0
2021-01-31,2020-09-30,B,US,old,forecast,4,0,,0.0,0
2021-02-28,2020-09-30,B,US,old,forecast,5,0,,0.0,0
2021-03-31,2020-09-30,B,US,old,forecast,6,0,,0.0,0
2021-04-30,2020-09-30,B,US,old,forecast,7,0,,0.0,0
2020-11-30,2020-10-31,B,US,old,forecast,1,0,,0.0,0
2020-12-31,2020-10-31,B,US,old,forecast,2,0,,0.0,0
2021-01-31,2020-10-31,B,US,old,forecast,3,0,,0.0,0
2021-02-28,2020-10-31,B,US,old,forecast,4,0,,0.0,0
2021-03-31,2020-10-31,B,US,old,forecast,5,0,,0.0,0
2021-04-30,2020-10-31,B,US,old,forecast,6,0,,0.0,0
2020-11-30,2019-01-31,C,CA,old,forecast,22,8,49.166666666666664,4.0,4
2020-12-31,2019-01-31,C,CA,old,forecast,23,8,48.333333333333336,4.0,4
2021-01-31,2019-01-31,C,CA,old,forecast,24,8,47.5,4.0,4
2021-02-28,2019-01-31,C,CA,old,forecast,25,8,46.666666666666664,4.0,4
2021-03-31,2019-01-31,C,CA,old,forecast,26,8,45.833333333333336,4.0,4
2021-04-30,2019-01-31,C,CA,old,forecast,27,8,45.0,4.0,4
2020-11-30,2019-02-28,C,CA,old,forecast,21,8,49.107142857142854,4.0,4
2020-12-31,2019-02-28,C,CA,old,forecast,22,8,48.214285714285715,4.0,4
2021-01-31,2019-02-28,C,CA,old,forecast,23,8,47.32142857142857,4.0,4
2021-02-28,2019-02-28,C,CA,old,forecast,24,8,46.42857142857143,4.0,4
2021-03-31,2019-02-28,C,CA,old,forecast,25,8,45.535714285714285,4.0,4
2021-04-30,2019-02-28,C,CA,old,forecast,26,8,44.64285714285714,4.0,4
2020-11-30,2019-03-31,C,CA,old,forecast,20,8,61.785022847522846,5.0,5
2020-12-31,2019-03-31,C,CA,old,forecast,21,8,61.07004569504569,5.0,5
2021-01-31,2019-03-31,C,CA,old,forecast,22,8,60.355068542568546,5.0,5
2021-02-28,2019-03-31,C,CA,old,forecast,23,8,59.64009139009139,5.0,5
2021-03-31,2019-03-31,C,CA,old,forecast,24,8,58.92511423761424,5.0,5
2021-04-30,2019-03-31,C,CA,old,forecast,25,8,58.210137085137085,5.0,5
2020-11-30,2019-04-30,C,CA,old,forecast,19,8,48.958333333333336,4.0,4
2020-12-31,2019-04-30,C,CA,old,forecast,20,8,47.916666666666664,4.0,4
2021-01-31,2019-04-30,C,CA,old,forecast,21,8,46.875,4.0,4
2021-02-28,2019-04-30,C,CA,old,forecast,22,8,45.833333333333336,4.0,4
2021-03-31,2019-04-30,C,CA,old,forecast,23,8,44.791666666666664,4.0,4
2021-04-30,2019-04-30,C,CA,old,forecast,24,8,43.75,4.0,4
2020-11-30,2019-05-31,C,CA,old,forecast,18,8,48.86363636363637,4.0,4
2020-12-31,2019-05-31,C,CA,old,forecast,19,8,47.72727272727273,4.0,4
2021-01-31,2019-05-31,C,CA,old,forecast,20,8,46.59090909090909,4.0,4
2021-02-28,2019-05-31,C,CA,old,forecast,21,8,45.45454545454545,4.0,4
2021-03-31,2019-05-31,C,CA,old,forecast,22,8,44.31818181818182,4.0,4
2021-04-30,2019-05-31,C,CA,old,forecast,23,8,43.18181818181818,3.0,4
2020-11-30,2019-06-30,C,CA,old,forecast,17,8,61.785022847522846,5.0,5
2020-12-31,2019-06-30,C,CA,old,forecast,18,8,61.07004569504569,5.0,5
2021-01-31,2019-06-30,C,CA,old,forecast,19,8,60.355068542568546,5.0,5
2021-02-28,2019-06-30,C,CA,old,forecast,20,8,59.64009139009139,5.0,5
2021-03-31,2019-06-30,C,CA,old,forecast,21,8,58.92511423761424,5.0,5
2021-04-30,2019-06-30,C,CA,old,forecast,22,8,58.210137085137085,5.0,5
2020-11-30,2019-07-31,C,CA,old,forecast,16,8,48.611111111111114,4.0,4
2020-12-31,2019-07-31,C,CA,old,forecast,17,8,47.22222222222222,4.0,4
2021-01-31,2019-07-31,C,CA,old,forecast,18,8,45.833333333333336,4.0,4
2021-02-28,2019-07-31,C,CA,old,forecast,19,8,44.44444444444444,4.0,4
2021-03-31,2019-07-31,C,CA,old,forecast,20,8,43.05555555555556,3.0,4
2021-04-30,2019-07-31,C,CA,old,forecast,21,8,41.66666666666667,3.0,4
2020-11-30,2019-08-31,C,CA,old,forecast,15,8,60.9375,5.0,5
2020-12-31,2019-08-31,C,CA,old,forecast,16,8,59.375,5.0,5
2021-01-31,2019-08-31,C,CA,old,forecast,17,8,57.8125,5.0,5
2021-02-28,2019-08-31,C,CA,old,forecast,18,8,56.25,4.0,5
2021-03-31,2019-08-31,C,CA,old,forecast,19,8,54.6875,4.0,5
2021-04-30,2019-08-31,C,CA,old,forecast,20,8,53.125,4.0,5
2020-11-30,2019-09-30,C,CA,old,forecast,14,8,60.714285714285715,5.0,5
2020-12-31,2019-09-30,C,CA,old,forecast,15,8,58.92857142857143,5.0,5
2021-01-31,2019-09-30,C,CA,old,forecast,16,8,57.14285714285714,5.0,5
2021-02-28,2019-09-30,C,CA,old,forecast,17,8,55.357142857142854,4.0,5
2021-03-31,2019-09-30,C,CA,old,forecast,18,8,53.57142857142857,4.0,5
2021-04-30,2019-09-30,C,CA,old,forecast,19,8,51.785714285714285,4.0,5
2020-11-30,2019-10-31,C,CA,old,forecast,13,8,60.416666666666664,5.0,5
2020-12-31,2019-10-31,C,CA,old,forecast,14,8,58.333333333333336,5.0,5
2021-01-31,2019-10-31,C,CA,old,forecast,15,8,56.25,4.0,5
2021-02-28,2019-10-31,C,CA,old,forecast,16,8,54.166666666666664,4.0,5
2021-03-31,2019-10-31,C,CA,old,forecast,17,8,52.08333333333333,4.0,5
2021-04-30,2019-10-31,C,CA,old,forecast,18,8,50.0,4.0,5
2020-11-30,2019-11-30,C,CA,old,forecast,12,8,61.785022847522846,5.0,5
2020-12-31,2019-11-30,C,CA,old,forecast,13,8,61.07004569504569,5.0,5
2021-01-31,2019-11-30,C,CA,old,forecast,14,8,60.355068542568546,5.0,5
2021-02-28,2019-11-30,C,CA,old,forecast,15,8,59.64009139009139,5.0,5
2021-03-31,2019-11-30,C,CA,old,forecast,16,8,58.92511423761424,5.0,5
2021-04-30,2019-11-30,C,CA,old,forecast,17,8,58.210137085137085,5.0,5
2020-11-30,2019-12-31,C,CA,old,forecast,11,8,61.785022847522846,5.0,5
2020-12-31,2019-12-31,C,CA,old,forecast,12,8,61.07004569504569,5.0,4
2021-01-31,2019-12-31,C,CA,old,forecast,13,8,60.355068542568546,5.0,4
2021-02-28,2019-12-31,C,CA,old,forecast,14,8,59.64009139009139,5.0,4
2021-03-31,2019-12-31,C,CA,old,forecast,15,8,58.92511423761424,5.0,4
2021-04-30,2019-12-31,C,CA,old,forecast,16,8,58.210137085137085,5.0,4
2020-11-30,2020-01-31,C,CA,old,forecast,10,8,74.28502284752285,6.0,5
2020-12-31,2020-01-31,C,CA,old,forecast,11,8,73.57004569504569,6.0,5
2021-01-31,2020-01-31,C,CA,old,forecast,12,8,72.85506854256855,6.0,5
2021-02-28,2020-01-31,C,CA,old,forecast,13,8,72.14009139009138,6.0,5
2021-03-31,2020-01-31,C,CA,old,forecast,14,8,71.42511423761424,6.0,5
2021-04-30,2020-01-31,C,CA,old,forecast,15,8,70.71013708513709,6.0,5
2020-11-30,2020-02-29,C,CA,old,forecast,9,8,74.28502284752285,6.0,6
2020-12-31,2020-02-29,C,CA,old,forecast,10,8,73.57004569504569,6.0,6
2021-01-31,2020-02-29,C,CA,old,forecast,11,8,72.85506854256855,6.0,6
2021-02-28,2020-02-29,C,CA,old,forecast,12,8,72.14009139009138,6.0,5
2021-03-31,2020-02-29,C,CA,old,forecast,13,8,71.42511423761424,6.0,5
2021-04-30,2020-02-29,C,CA,old,forecast,14,8,70.71013708513709,6.0,5
2020-11-30,2020-03-31,C,CA,old,forecast,8,9,54.8405784030784,5.0,5
2020-12-31,2020-03-31,C,CA,old,forecast,9,9,54.12560125060125,5.0,5
2021-01-31,2020-03-31,C,CA,old,forecast,10,9,53.4106240981241,5.0,5
2021-02-28,2020-03-31,C,CA,old,forecast,11,9,52.69564694564695,5.0,5
2021-03-31,2020-03-31,C,CA,old,forecast,12,9,51.980669793169795,5.0,5
2021-04-30,2020-03-31,C,CA,old,forecast,13,9,51.26569264069264,5.0,5
2020-11-30,2020-04-30,C,CA,old,forecast,7,9,65.95168951418952,6.0,6
2020-12-31,2020-04-30,C,CA,old,forecast,8,9,65.23671236171236,6.0,6
2021-01-31,2020-04-30,C,CA,old,forecast,9,9,64.52173520923522,6.0,5
2021-02-28,2020-04-30,C,CA,old,forecast,10,9,63.80675805675806,6.0,5
2021-03-31,2020-04-30,C,CA,old,forecast,11,9,63.09178090428091,6.0,5
2021-04-30,2020-04-30,C,CA,old,forecast,12,9,62.376803751803756,6.0,5
2020-11-30,2020-05-31,C,CA,old,forecast,6,9,54.8405784030784,5.0,5
2020-12-31,2020-05-31,C,CA,old,forecast,7,9,54.12560125060125,5.0,5
2021-01-31,2020-05-31,C,CA,old,forecast,8,9,53.4106240981241,5.0,5
2021-02-28,2020-05-31,C,CA,old,forecast,9,9,52.69564694564695,5.0,5
2021-03-31,2020-05-31,C,CA,old,forecast,10,9,51.980669793169795,5.0,5
2021-04-30,2020-05-31,C,CA,old,forecast,11,9,51.26569264069264,5.0,5
2020-11-30,2020-06-30,C,CA,old,forecast,5,9,65.95168951418952,6.0,5
2020-12-31,2020-06-30,C,CA,old,forecast,6,9,65.23671236171236,6.0,5
2021-01-31,2020-06-30,C,CA,old,forecast,7,9,64.52173520923522,6.0,5
2021-02-28,2020-06-30,C,CA,old,forecast,8,9,63.80675805675806,6.0,5
2021-03-31,2020-06-30,C,CA,old,forecast,9,9,63.09178090428091,6.0,5
2021-04-30,2020-06-30,C,CA,old,forecast,10,9,62.376803751803756,6.0,5
2020-11-30,2020-07-31,C,CA,old,forecast,4,9,65.95168951418952,6.0,6
2020-12-31,2020-07-31,C,CA,old,forecast,5,9,65.23671236171236,6.0,6
2021-01-31,2020-07-31,C,CA,old,forecast,6,9,64.52173520923522,6.0,5
2021-02-28,2020-07-31,C,CA,old,forecast,7,9,63.80675805675806,6.0,5
2021-03-31,2020-07-31,C,CA,old,forecast,8,9,63.09178090428091,6.0,5
2021-04-30,2020-07-31,C,CA,old,forecast,9,9,62.376803751803756,6.0,5
2020-11-30,2020-08-31,C,CA,old,forecast,3,9,77.06280062530062,7.0,7
2020-12-31,2020-08-31,C,CA,old,forecast,4,9,76.34782347282346,7.0,7
2021-01-31,2020-08-31,C,CA,old,forecast,5,9,75.63284632034632,7.0,6
2021-02-28,2020-08-31,C,CA,old,forecast,6,9,74.91786916786916,7.0,6
2021-03-31,2020-08-31,C,CA,old,forecast,7,9,74.20289201539201,7.0,6
2021-04-30,2020-08-31,C,CA,old,forecast,8,9,73.48791486291486,7.0,6
2020-11-30,2020-09-30,C,CA,old,forecast,2,9,65.95168951418952,6.0,6
2020-12-31,2020-09-30,C,CA,old,forecast,3,9,65.23671236171236,6.0,6
2021-01-31,2020-09-30,C,CA,old,forecast,4,9,64.52173520923522,6.0,5
2021-02-28,2020-09-30,C,CA,old,forecast,5,9,63.80675805675806,6.0,5
2021-03-31,2020-09-30,C,CA,old,forecast,6,9,63.09178090428091,6.0,5
2021-04-30,2020-09-30,C,CA,old,forecast,7,9,62.376803751803756,6.0,5
2020-11-30,2020-10-31,C,CA,old,forecast,1,9,99.28502284752285,9.0,7
2020-12-31,2020-10-31,C,CA,old,forecast,2,9,98.57004569504569,9.0,6
2021-01-31,2020-10-31,C,CA,old,forecast,3,9,97.85506854256855,9.0,6
2021-02-28,2020-10-31,C,CA,old,forecast,4,9,97.14009139009138,9.0,6
2021-03-31,2020-10-31,C,CA,old,forecast,5,9,96.42511423761424,9.0,5
2021-04-30,2020-10-31,C,CA,old,forecast,6,9,95.71013708513709,9.0,5
2020-11-30,2019-01-31,C,GB,old,forecast,22,40,54.333333333333336,22.0,22
2020-12-31,2019-01-31,C,GB,old,forecast,23,40,53.666666666666664,21.0,22
2021-01-31,2019-01-31,C,GB,old,forecast,24,40,53.0,21.0,21
2021-02-28,2019-01-31,C,GB,old,forecast,25,40,52.333333333333336,21.0,21
2021-03-31,2019-01-31,C,GB,old,forecast,26,40,51.666666666666664,21.0,21
2021-04-30,2019-01-31,C,GB,old,forecast,27,40,51.0,20.0,21
2020-11-30,2019-02-28,C,GB,old,forecast,21,41,55.400696864111495,23.0,23
2020-12-31,2019-02-28,C,GB,old,forecast,22,41,54.70383275261324,22.0,23
2021-01-31,2019-02-28,C,GB,old,forecast,23,41,54.00696864111498,22.0,22
2021-02-28,2019-02-28,C,GB,old,forecast,24,41,53.310104529616716,22.0,22
2021-03-31,2019-02-28,C,GB,old,forecast,25,41,52.61324041811846,22.0,22
2021-04-30,2019-02-28,C,GB,old,forecast,26,41,51.9163763066202,21.0,22
2020-11-30,2019-03-31,C,GB,old,forecast,20,42,54.21245421245421,23.0,23
2020-12-31,2019-03-31,C,GB,old,forecast,21,42,53.66300366300366,23.0,23
2021-01-31,2019-03-31,C,GB,old,forecast,22,42,53.11355311355311,22.0,23
2021-02-28,2019-03-31,C,GB,old,forecast,23,42,52.564102564102555,22.0,22
2021-03-31,2019-03-31,C,GB,old,forecast,24,42,52.01465201465201,22.0,22
2021-04-30,2019-03-31,C,GB,old,forecast,25,42,51.46520146520146,22.0,22
2020-11-30,2019-04-30,C,GB,old,forecast,19,42,54.166666666666664,23.0,22
2020-12-31,2019-04-30,C,GB,old,forecast,20,42,53.57142857142857,22.0,22
2021-01-31,2019-04-30,C,GB,old,forecast,21,42,52.97619047619047,22.0,22
2021-02-28,2019-04-30,C,GB,old,forecast,22,42,52.38095238095237,22.0,22
2021-03-31,2019-04-30,C,GB,old,forecast,23,42,51.78571428571428,22.0,22
2021-04-30,2019-04-30,C,GB,old,forecast,24,42,51.19047619047618,22.0,21
2020-11-30,2019-05-31,C,GB,old,forecast,18,43,59.830866807610995,26.0,26
2020-12-31,2019-05-31,C,GB,old,forecast,19,43,59.19661733615222,25.0,26
2021-01-31,2019-05-31,C,GB,old,forecast,20,43,58.56236786469345,25.0,25
2021-02-28,2019-05-31,C,GB,old,forecast,21,43,57.928118393234676,25.0,25
2021-03-31,2019-05-31,C,GB,old,forecast,22,43,57.293868921775896,25.0,25
2021-04-30,2019-05-31,C,GB,old,forecast,23,43,56.65961945031712,24.0,25
2020-11-30,2019-06-30,C,GB,old,forecast,17,44,60.68181818181819,27.0,27
2020-12-31,2019-06-30,C,GB,old,forecast,18,44,60.0,26.0,26
2021-01-31,2019-06-30,C,GB,old,forecast,19,44,59.31818181818182,26.0,26
2021-02-28,2019-06-30,C,GB,old,forecast,20,44,58.63636363636364,26.0,26
2021-03-31,2019-06-30,C,GB,old,forecast,21,44,57.95454545454545,26.0,26
2021-04-30,2019-06-30,C,GB,old,forecast,22,44,57.27272727272727,25.0,25
2020-11-30,2019-07-31,C,GB,old,forecast,16,45,54.81481481481482,25.0,25
2020-12-31,2019-07-31,C,GB,old,forecast,17,45,54.074074074074076,24.0,25
2021-01-31,2019-07-31,C,GB,old,forecast,18,45,53.333333333333336,24.0,25
2021-02-28,2019-07-31,C,GB,old,forecast,19,45,52.592592592592595,24.0,24
2021-03-31,2019-07-31,C,GB,old,forecast,20,45,51.851851851851855,23.0,24
2021-04-30,2019-07-31,C,GB,old,forecast,21,45,51.111111111111114,23.0,24
2020-11-30,2019-08-31,C,GB,old,forecast,15,46,55.97826086956522,26.0,25
2020-12-31,2019-08-31,C,GB,old,forecast,16,46,55.43478260869565,26.0,25
2021-01-31,2019-08-31,C,GB,old,forecast,17,46,54.891304347826086,25.0,25
2021-02-28,2019-08-31,C,GB,old,forecast,18,46,54.347826086956516,25.0,25
2021-03-31,2019-08-31,C,GB,old,forecast,19,46,53.80434782608695,25.0,24
2021-04-30,2019-08-31,C,GB,old,forecast,20,46,53.26086956521739,24.0,24
2020-11-30,2019-09-30,C,GB,old,forecast,14,46,62.4223602484472,29.0,29
2020-12-31,2019-09-30,C,GB,old,forecast,15,46,61.80124223602484,28.0,28
2021-01-31,2019-09-30,C,GB,old,forecast,16,46,61.180124223602476,28.0,28
2021-02-28,2019-09-30,C,GB,old,forecast,17,46,60.55900621118012,28.0,28
2021-03-31,2019-09-30,C,GB,old,forecast,18,46,59.937888198757754,28.0,27
2021-04-30,2019-09-30,C,GB,old,forecast,19,46,59.31677018633539,27.0,27
2020-11-30,2019-10-31,C,GB,old,forecast,13,47,54.60992907801419,26.0,26
2020-12-31,2019-10-31,C,GB,old,forecast,14,47,53.90070921985816,25.0,26
2021-01-31,2019-10-31,C,GB,old,forecast,15,47,53.19148936170213,25.0,26
2021-02-28,2019-10-31,C,GB,old,forecast,16,47,52.48226950354611,25.0,25
2021-03-31,2019-10-31,C,GB,old,forecast,17,47,51.773049645390074,24.0,25
2021-04-30,2019-10-31,C,GB,old,forecast,18,47,51.06382978723405,24.0,25
2020-11-30,2019-11-30,C,GB,old,forecast,12,48,53.749999999999986,26.0,25
2020-12-31,2019-11-30,C,GB,old,forecast,13,48,53.33333333333332,26.0,25
2021-01-31,2019-11-30,C,GB,old,forecast,14,48,52.91666666666665,25.0,25
2021-02-28,2019-11-30,C,GB,old,forecast,15,48,52.499999999999986,25.0,25
2021-03-31,2019-11-30,C,GB,old,forecast,16,48,52.083333333333314,25.0,24
2021-04-30,2019-11-30,C,GB,old,forecast,17,48,51.66666666666664,25.0,24
2020-11-30,2019-12-31,C,GB,old,forecast,11,49,62.755102040816325,31.0,30
2020-12-31,2019-12-31,C,GB,old,forecast,12,49,62.24489795918367,30.0,30
2021-01-31,2019-12-31,C,GB,old,forecast,13,49,61.73469387755101,30.0,30
2021-02-28,2019-12-31,C,GB,old,forecast,14,49,61.22448979591836,30.0,29
2021-03-31,2019-12-31,C,GB,old,forecast,15,49,60.71428571428571,30.0,29
2021-04-30,2019-12-31,C,GB,old,forecast,16,49,60.20408163265305,29.0,29
2020-11-30,2020-01-31,C,GB,old,forecast,10,50,63.333333333333336,32.0,31
2020-12-31,2020-01-31,C,GB,old,forecast,11,50,62.666666666666664,31.0,31
2021-01-31,2020-01-31,C,GB,old,forecast,12,50,62.0,31.0,31
2021-02-28,2020-01-31,C,GB,old,forecast,13,50,61.333333333333336,31.0,30
2021-03-31,2020-01-31,C,GB,old,forecast,14,50,60.666666666666664,30.0,30
2021-04-30,2020-01-31,C,GB,old,forecast,15,50,60.0,30.0,30
2020-11-30,2020-02-29,C,GB,old,forecast,9,50,65.0,32.0,33
2020-12-31,2020-02-29,C,GB,old,forecast,10,50,64.0,32.0,32
2021-01-31,2020-02-29,C,GB,old,forecast,11,50,63.0,32.0,32
2021-02-28,2020-02-29,C,GB,old,forecast,12,50,62.0,31.0,32
2021-03-31,2020-02-29,C,GB,old,forecast,13,50,61.0,30.0,31
2021-04-30,2020-02-29,C,GB,old,forecast,14,50,60.0,30.0,31
2020-11-30,2020-03-31,C,GB,old,forecast,8,51,60.18215496793785,31.0,31
2020-12-31,2020-03-31,C,GB,old,forecast,9,51,59.579996210385495,30.0,30
2021-01-31,2020-03-31,C,GB,old,forecast,10,51,58.97783745283315,30.0,30
2021-02-28,2020-03-31,C,GB,old,forecast,11,51,58.375678695280804,30.0,30
2021-03-31,2020-03-31,C,GB,old,forecast,12,51,57.77351993772846,29.0,29
2021-04-30,2020-03-31,C,GB,old,forecast,13,51,57.171361180176106,29.0,29
2020-11-30,2020-04-30,C,GB,old,forecast,7,52,68.62861047321688,36.0,36
2020-12-31,2020-04-30,C,GB,old,forecast,8,52,68.02645171566454,35.0,36
2021-01-31,2020-04-30,C,GB,old,forecast,9,52,67.42429295811219,35.0,35
2021-02-28,2020-04-30,C,GB,old,forecast,10,52,66.82213420055983,35.0,35
2021-03-31,2020-04-30,C,GB,old,forecast,11,52,66.21997544300748,34.0,35
2021-04-30,2020-04-30,C,GB,old,forecast,12,52,65.61781668545514,34.0,34
2020-11-30,2020-05-31,C,GB,old,forecast,6,53,69.20916199716464,37.0,37
2020-12-31,2020-05-31,C,GB,old,forecast,7,53,68.6070032396123,36.0,36
2021-01-31,2020-05-31,C,GB,old,forecast,8,53,68.00484448205995,36.0,36
2021-02-28,2020-05-31,C,GB,old,forecast,9,53,67.40268572450759,36.0,35
2021-03-31,2020-05-31,C,GB,old,forecast,10,53,66.80052696695525,35.0,35
2021-04-30,2020-05-31,C,GB,old,forecast,11,53,66.1983682094029,35.0,35
2020-11-30,2020-06-30,C,GB,old,forecast,5,54,58.657100501706914,32.0,30
2020-12-31,2020-06-30,C,GB,old,forecast,6,54,58.05494174415456,31.0,30
2021-01-31,2020-06-30,C,GB,old,forecast,7,54,57.452782986602216,31.0,30
2021-02-28,2020-06-30,C,GB,old,forecast,8,54,56.85062422904987,31.0,30
2021-03-31,2020-06-30,C,GB,old,forecast,9,54,56.248465471497525,30.0,29
2021-04-30,2020-06-30,C,GB,old,forecast,10,54,55.64630671394517,30.0,29
2020-11-30,2020-07-31,C,GB,old,forecast,4,54,62.360804205410616,34.0,33
2020-12-31,2020-07-31,C,GB,old,forecast,5,54,61.758645447858264,33.0,32
2021-01-31,2020-07-31,C,GB,old,forecast,6,54,61.15648669030592,33.0,32
2021-02-28,2020-07-31,C,GB,old,forecast,7,54,60.55432793275357,33.0,31
2021-03-31,2020-07-31,C,GB,old,forecast,8,54,59.95216917520123,32.0,31
2021-04-30,2020-07-31,C,GB,old,forecast,9,54,59.350010417648875,32.0,31
2020-11-30,2020-08-31,C,GB,old,forecast,3,55,79.39784124244765,44.0,41
2020-12-31,2020-08-31,C,GB,old,forecast,4,55,78.79568248489531,43.0,40
2021-01-31,2020-08-31,C,GB,old,forecast,5,55,78.19352372734296,43.0,38
2021-02-28,2020-08-31,C,GB,old,forecast,6,55,77.5913649697906,43.0,38
2021-03-31,2020-08-31,C,GB,old,forecast,7,55,76.98920621223826,42.0,37
2021-04-30,2020-08-31,C,GB,old,forecast,8,55,76.38704745468591,42.0,37
2020-11-30,2020-09-30,C,GB,old,forecast,2,56,72.61212695673336,41.0,38
2020-12-31,2020-09-30,C,GB,old,forecast,3,56,72.00996819918102,40.0,36
2021-01-31,2020-09-30,C,GB,old,forecast,4,56,71.40780944162867,40.0,35
2021-02-28,2020-09-30,C,GB,old,forecast,5,56,70.80565068407631,40.0,33
2021-03-31,2020-09-30,C,GB,old,forecast,6,56,70.20349192652397,39.0,33
2021-04-30,2020-09-30,C,GB,old,forecast,7,56,69.60133316897162,39.0,33
2020-11-30,2020-10-31,C,GB,old,forecast,1,57,99.39784124244765,57.0,44
2020-12-31,2020-10-31,C,GB,old,forecast,2,57,98.79568248489531,56.0,41
2021-01-31,2020-10-31,C,GB,old,forecast,3,57,98.19352372734296,56.0,38
2021-02-28,2020-10-31,C,GB,old,forecast,4,57,97.5913649697906,56.0,37
2021-03-31,2020-10-31,C,GB,old,forecast,5,57,96.98920621223826,55.0,36
2021-04-30,2020-10-31,C,GB,old,forecast,6,57,96.38704745468591,55.0,35
2020-11-30,2019-01-31,C,US,old,forecast,22,50,55.46666666666667,28.0,27
2020-12-31,2019-01-31,C,US,old,forecast,23,50,54.93333333333333,27.0,27
2021-01-31,2019-01-31,C,US,old,forecast,24,50,54.4,27.0,27
2021-02-28,2019-01-31,C,US,old,forecast,25,50,53.86666666666667,27.0,27
2021-03-31,2019-01-31,C,US,old,forecast,26,50,53.333333333333336,27.0,26
2021-04-30,2019-01-31,C,US,old,forecast,27,50,52.8,26.0,26
2020-11-30,2019-02-28,C,US,old,forecast,21,51,60.08403361344538,31.0,31
2020-12-31,2019-02-28,C,US,old,forecast,22,51,59.383753501400555,30.0,31
2021-01-31,2019-02-28,C,US,old,forecast,23,51,58.68347338935574,30.0,30
2021-02-28,2019-02-28,C,US,old,forecast,24,51,57.98319327731092,30.0,30
2021-03-31,2019-02-28,C,US,old,forecast,25,51,57.2829131652661,29.0,30
2021-04-30,2019-02-28,C,US,old,forecast,26,51,56.582633053221286,29.0,30
2020-11-30,2019-03-31,C,US,old,forecast,20,51,61.99095022624434,32.0,32
2020-12-31,2019-03-31,C,US,old,forecast,21,51,61.23680241327299,31.0,31
2021-01-31,2019-03-31,C,US,old,forecast,22,51,60.48265460030165,31.0,31
2021-02-28,2019-03-31,C,US,old,forecast,23,51,59.7285067873303,30.0,31
2021-03-31,2019-03-31,C,US,old,forecast,24,51,58.974358974358964,30.0,30
2021-04-30,2019-03-31,C,US,old,forecast,25,51,58.22021116138762,30.0,30
2020-11-30,2019-04-30,C,US,old,forecast,19,52,51.28205128205128,27.0,27
2020-12-31,2019-04-30,C,US,old,forecast,20,52,50.641025641025635,26.0,27
2021-01-31,2019-04-30,C,US,old,forecast,21,52,50.0,26.0,26
2021-02-28,2019-04-30,C,US,old,forecast,22,52,49.35897435897436,26.0,26
2021-03-31,2019-04-30,C,US,old,forecast,23,52,48.717948717948715,25.0,26
2021-04-30,2019-04-30,C,US,old,forecast,24,52,48.07692307692307,25.0,26
2020-11-30,2019-05-31,C,US,old,forecast,18,52,53.14685314685315,28.0,28
2020-12-31,2019-05-31,C,US,old,forecast,19,52,52.44755244755245,27.0,28
2021-01-31,2019-05-31,C,US,old,forecast,20,52,51.74825174825175,27.0,28
2021-02-28,2019-05-31,C,US,old,forecast,21,52,51.04895104895105,27.0,27
2021-03-31,2019-05-31,C,US,old,forecast,22,52,50.34965034965035,26.0,27
2021-04-30,2019-05-31,C,US,old,forecast,23,52,49.65034965034965,26.0,27
2020-11-30,2019-06-30,C,US,old,forecast,17,53,56.0377358490566,30.0,29
2020-12-31,2019-06-30,C,US,old,forecast,18,53,55.471698113207545,29.0,29
2021-01-31,2019-06-30,C,US,old,forecast,19,53,54.905660377358494,29.0,29
2021-02-28,2019-06-30,C,US,old,forecast,20,53,54.339622641509436,29.0,29
2021-03-31,2019-06-30,C,US,old,forecast,21,53,53.77358490566038,28.0,28
2021-04-30,2019-06-30,C,US,old,forecast,22,53,53.20754716981132,28.0,28
2020-11-30,2019-07-31,C,US,old,forecast,16,53,54.08805031446542,29.0,29
2020-12-31,2019-07-31,C,US,old,forecast,17,53,53.45911949685536,28.0,28
2021-01-31,2019-07-31,C,US,old,forecast,18,53,52.830188679245296,28.0,28
2021-02-28,2019-07-31,C,US,old,forecast,19,53,52.201257861635234,28.0,28
2021-03-31,2019-07-31,C,US,old,forecast,20,53,51.57232704402517,27.0,27
2021-04-30,2019-07-31,C,US,old,forecast,21,53,50.94339622641511,27.0,27
2020-11-30,2019-08-31,C,US,old,forecast,15,54,53.00925925925926,29.0,29
2020-12-31,2019-08-31,C,US,old,forecast,16,54,52.31481481481481,28.0,29
2021-01-31,2019-08-31,C,US,old,forecast,17,54,51.62037037037037,28.0,29
2021-02-28,2019-08-31,C,US,old,forecast,18,54,50.925925925925924,27.0,28
2021-03-31,2019-08-31,C,US,old,forecast,19,54,50.23148148148148,27.0,28
2021-04-30,2019-08-31,C,US,old,forecast,20,54,49.53703703703704,27.0,28
2020-11-30,2019-09-30,C,US,old,forecast,14,54,60.31746031746033,33.0,33
2020-12-31,2019-09-30,C,US,old,forecast,15,54,59.52380952380953,32.0,33
2021-01-31,2019-09-30,C,US,old,forecast,16,54,58.73015873015874,32.0,32
2021-02-28,2019-09-30,C,US,old,forecast,17,54,57.93650793650795,31.0,32
2021-03-31,2019-09-30,C,US,old,forecast,18,54,57.14285714285716,31.0,32
2021-04-30,2019-09-30,C,US,old,forecast,19,54,56.34920634920636,30.0,31
2020-11-30,2019-10-31,C,US,old,forecast,13,55,53.93939393939394,30.0,30
2020-12-31,2019-10-31,C,US,old,forecast,14,55,53.333333333333336,29.0,30
2021-01-31,2019-10-31,C,US,old,forecast,15,55,52.727272727272734,29.0,29
2021-02-28,2019-10-31,C,US,old,forecast,16,55,52.121212121212125,29.0,29
2021-03-31,2019-10-31,C,US,old,forecast,17,55,51.515151515151516,28.0,29
2021-04-30,2019-10-31,C,US,old,forecast,18,55,50.909090909090914,28.0,28
2020-11-30,2019-11-30,C,US,old,forecast,12,55,53.81818181818182,30.0,30
2020-12-31,2019-11-30,C,US,old,forecast,13,55,53.09090909090909,29.0,30
2021-01-31,2019-11-30,C,US,old,forecast,14,55,52.36363636363637,29.0,29
2021-02-28,2019-11-30,C,US,old,forecast,15,55,51.63636363636364,28.0,29
2021-03-31,2019-11-30,C,US,old,forecast,16,55,50.909090909090914,28.0,29
2021-04-30,2019-11-30,C,US,old,forecast,17,55,50.18181818181819,28.0,29
2020-11-30,2019-12-31,C,US,old,forecast,11,56,62.05357142857143,35.0,34
2020-12-31,2019-12-31,C,US,old,forecast,12,56,61.607142857142854,34.0,34
2021-01-31,2019-12-31,C,US,old,forecast,13,56,61.16071428571428,34.0,34
2021-02-28,2019-12-31,C,US,old,forecast,14,56,60.71428571428571,34.0,33
2021-03-31,2019-12-31,C,US,old,forecast,15,56,60.26785714285714,34.0,33
2021-04-30,2019-12-31,C,US,old,forecast,16,56,59.82142857142856,33.0,33
2020-11-30,2020-01-31,C,US,old,forecast,10,56,54.761904761904745,31.0,30
2020-12-31,2020-01-31,C,US,old,forecast,11,56,54.16666666666665,30.0,30
2021-01-31,2020-01-31,C,US,old,forecast,12,56,53.57142857142855,30.0,30
2021-02-28,2020-01-31,C,US,old,forecast,13,56,52.976190476190446,30.0,29
2021-03-31,2020-01-31,C,US,old,forecast,14,56,52.38095238095235,29.0,29
2021-04-30,2020-01-31,C,US,old,forecast,15,56,51.78571428571425,29.0,29
2020-11-30,2020-02-29,C,US,old,forecast,9,57,62.598817977493425,36.0,35
2020-12-31,2020-02-29,C,US,old,forecast,10,57,62.03974121814474,35.0,35
2021-01-31,2020-02-29,C,US,old,forecast,11,57,61.48066445879606,35.0,35
2021-02-28,2020-02-29,C,US,old,forecast,12,57,60.921587699447386,35.0,34
2021-03-31,2020-02-29,C,US,old,forecast,13,57,60.3625109400987,34.0,34
2021-04-30,2020-02-29,C,US,old,forecast,14,57,59.803434180750024,34.0,34
2020-11-30,2020-03-31,C,US,old,forecast,8,57,57.33566008275658,33.0,33
2020-12-31,2020-03-31,C,US,old,forecast,9,57,56.7765833234079,32.0,32
2021-01-31,2020-03-31,C,US,old,forecast,10,57,56.21750656405922,32.0,32
2021-02-28,2020-03-31,C,US,old,forecast,11,57,55.65842980471054,32.0,32
2021-03-31,2020-03-31,C,US,old,forecast,12,57,55.09935304536186,31.0,32
2021-04-30,2020-03-31,C,US,old,forecast,13,57,54.54027628601318,31.0,31
2020-11-30,2020-04-30,C,US,old,forecast,7,58,66.68230255099614,39.0,39
2020-12-31,2020-04-30,C,US,old,forecast,8,58,66.12322579164747,38.0,39
2021-01-31,2020-04-30,C,US,old,forecast,9,58,65.56414903229879,38.0,38
2021-02-28,2020-04-30,C,US,old,forecast,10,58,65.0050722729501,38.0,38
2021-03-31,2020-04-30,C,US,old,forecast,11,58,64.44599551360143,37.0,37
2021-04-30,2020-04-30,C,US,old,forecast,12,58,63.88691875425275,37.0,37
2020-11-30,2020-05-31,C,US,old,forecast,6,58,59.78575082685822,35.0,35
2020-12-31,2020-05-31,C,US,old,forecast,7,58,59.226674067509535,34.0,34
2021-01-31,2020-05-31,C,US,old,forecast,8,58,58.66759730816086,34.0,34
2021-02-28,2020-05-31,C,US,old,forecast,9,58,58.10852054881218,34.0,33
2021-03-31,2020-05-31,C,US,old,forecast,10,58,57.549443789463496,33.0,33
2021-04-30,2020-05-31,C,US,old,forecast,11,58,56.99036703011482,33.0,33
2020-11-30,2020-06-30,C,US,old,forecast,5,59,65.54261815590556,39.0,37
2020-12-31,2020-06-30,C,US,old,forecast,6,59,64.98354139655689,38.0,37
2021-01-31,2020-06-30,C,US,old,forecast,7,59,64.4244646372082,38.0,36
2021-02-28,2020-06-30,C,US,old,forecast,8,59,63.865387877859526,38.0,36
2021-03-31,2020-06-30,C,US,old,forecast,9,59,63.30631111851084,37.0,36
2021-04-30,2020-06-30,C,US,old,forecast,10,59,62.747234359162164,37.0,35
2020-11-30,2020-07-31,C,US,old,forecast,4,59,60.45787239319369,36.0,35
2020-12-31,2020-07-31,C,US,old,forecast,5,59,59.898795633845005,35.0,34
2021-01-31,2020-07-31,C,US,old,forecast,6,59,59.33971887449633,35.0,33
2021-02-28,2020-07-31,C,US,old,forecast,7,59,58.78064211514765,35.0,33
2021-03-31,2020-07-31,C,US,old,forecast,8,59,58.221565355798965,34.0,33
2021-04-30,2020-07-31,C,US,old,forecast,9,59,57.66248859645029,34.0,32
2020-11-30,2020-08-31,C,US,old,forecast,3,60,82.77425657398464,50.0,47
2020-12-31,2020-08-31,C,US,old,forecast,4,60,82.21517981463597,49.0,46
2021-01-31,2020-08-31,C,US,old,forecast,5,60,81.65610305528729,49.0,44
2021-02-28,2020-08-31,C,US,old,forecast,6,60,81.0970262959386,49.0,43
2021-03-31,2020-08-31,C,US,old,forecast,7,60,80.53794953658993,48.0,43
2021-04-30,2020-08-31,C,US,old,forecast,8,60,79.97887277724125,48.0,42
2020-11-30,2020-09-30,C,US,old,forecast,2,60,69.44092324065132,42.0,39
2020-12-31,2020-09-30,C,US,old,forecast,3,60,68.88184648130265,41.0,37
2021-01-31,2020-09-30,C,US,old,forecast,4,60,68.32276972195396,41.0,36
2021-02-28,2020-09-30,C,US,old,forecast,5,60,67.76369296260528,41.0,34
2021-03-31,2020-09-30,C,US,old,forecast,6,60,67.2046162032566,40.0,34
2021-04-30,2020-09-30,C,US,old,forecast,7,60,66.64553944390792,40.0,33
2020-11-30,2020-10-31,C,US,old,forecast,1,61,99.44092324065132,61.0,50
2020-12-31,2020-10-31,C,US,old,forecast,2,61,98.88184648130265,60.0,47
2021-01-31,2020-10-31,C,US,old,forecast,3,61,98.32276972195396,60.0,44
2021-02-28,2020-10-31,C,US,old,forecast,4,61,97.76369296260528,60.0,43
2021-03-31,2020-10-31,C,US,old,forecast,5,61,97.2046162032566,59.0,41
2021-04-30,2020-10-31,C,US,old,forecast,6,61,96.64553944390792,59.0,40
2020-11-30,2020-11-30,A,CA,new,forecast,0,40,72.5,29.0,40
2020-12-31,2020-11-30,A,CA,new,forecast,1,40,51.07504571931669,20.0,35
2021-01-31,2020-11-30,A,CA,new,forecast,2,40,47.00494835956425,19.0,33
2021-02-28,2020-11-30,A,CA,new,forecast,3,40,42.711645309372855,17.0,31
2021-03-31,2020-11-30,A,CA,new,forecast,4,40,41.134971950030945,16.0,30
2021-04-30,2020-11-30,A,CA,new,forecast,5,40,38.46308389321434,15.0,29
2020-12-31,2020-12-31,A,CA,new,forecast,0,46,73.91304347826087,34.0,46
2021-01-31,2020-12-31,A,CA,new,forecast,1,46,52.488089197577565,24.0,40
2021-02-28,2020-12-31,A,CA,new,forecast,2,46,48.41799183782513,22.0,38
2021-03-31,2020-12-31,A,CA,new,forecast,3,46,44.12468878763373,20.0,35
2021-04-30,2020-12-31,A,CA,new,forecast,4,46,42.54801542829182,20.0,34
2021-01-31,2021-01-31,A,CA,new,forecast,0,41,78.04878048780488,32.0,41
2021-02-28,2021-01-31,A,CA,new,forecast,1,41,56.62382620712157,23.0,36
2021-03-31,2021-01-31,A,CA,new,forecast,2,41,52.55372884736913,22.0,34
2021-04-30,2021-01-31,A,CA,new,forecast,3,41,48.26042579717773,20.0,32
2021-02-28,2021-02-28,A,CA,new,forecast,0,38,81.57894736842105,31.0,38
2021-03-31,2021-02-28,A,CA,new,forecast,1,38,60.153993087737746,23.0,34
2021-04-30,2021-02-28,A,CA,new,forecast,2,38,56.08389572798531,21.0,31
2021-03-31,2021-03-31,A,CA,new,forecast,0,40,70.0,28.0,40
2021-04-30,2021-03-31,A,CA,new,forecast,1,40,48.57504571931669,19.0,28
2021-04-30,2021-04-30,A,CA,new,forecast,0,43,100.0,43.0,43
2020-11-30,2020-11-30,A,GB,new,forecast,0,130,73.07692307692308,95.0,130
2020-12-31,2020-11-30,A,GB,new,forecast,1,130,54.68516968295228,71.0,117
2021-01-31,2020-11-30,A,GB,new,forecast,2,130,50.22625929633517,65.0,109
2021-02-28,2020-11-30,A,GB,new,forecast,3,130,45.64148360470369,59.0,102
2021-03-31,2020-11-30,A,GB,new,forecast,4,130,43.79947379822259,57.0,99
2021-04-30,2020-11-30,A,GB,new,forecast,5,130,41.35620664389669,54.0,95
2020-12-31,2020-12-31,A,GB,new,forecast,0,178,64.04494382022472,114.0,178
2021-01-31,2020-12-31,A,GB,new,forecast,1,178,45.653190426253914,81.0,134
2021-02-28,2020-12-31,A,GB,new,forecast,2,178,41.19428003963681,73.0,125
2021-03-31,2020-12-31,A,GB,new,forecast,3,178,36.60950434800532,65.0,117
2021-04-30,2020-12-31,A,GB,new,forecast,4,178,34.76749454152423,62.0,114
2021-01-31,2021-01-31,A,GB,new,forecast,0,115,77.3913043478261,89.0,115
2021-02-28,2021-01-31,A,GB,new,forecast,1,115,58.99955095385529,68.0,101
2021-03-31,2021-01-31,A,GB,new,forecast,2,115,54.540640567238185,63.0,95
2021-04-30,2021-01-31,A,GB,new,forecast,3,115,49.9558648756067,57.0,89
2021-02-28,2021-02-28,A,GB,new,forecast,0,76,68.42105263157895,52.0,76
2021-03-31,2021-02-28,A,GB,new,forecast,1,76,50.02929923760814,38.0,55
2021-04-30,2021-02-28,A,GB,new,forecast,2,76,45.57038885099104,35.0,52
2021-03-31,2021-03-31,A,GB,new,forecast,0,85,75.29411764705883,64.0,85
2021-04-30,2021-03-31,A,GB,new,forecast,1,85,56.902364253088024,48.0,64
2021-04-30,2021-04-30,A,GB,new,forecast,0,117,100.0,117.0,117
2020-11-30,2020-11-30,A,US,new,forecast,0,142,73.2394366197183,104.0,142
2020-12-31,2020-11-30,A,US,new,forecast,1,142,53.48526795204883,76.0,128
2021-01-31,2020-11-30,A,US,new,forecast,2,142,48.95996840814116,70.0,120
2021-02-28,2020-11-30,A,US,new,forecast,3,142,44.59328058895811,63.0,112
2021-03-31,2020-11-30,A,US,new,forecast,4,142,42.75671089770056,61.0,109
2021-04-30,2020-11-30,A,US,new,forecast,5,142,40.47668250784693,57.0,104
2020-12-31,2020-12-31,A,US,new,forecast,0,173,61.84971098265896,107.0,173
2021-01-31,2020-12-31,A,US,new,forecast,1,173,42.09554231498949,73.0,126
2021-02-28,2020-12-31,A,US,new,forecast,2,173,37.570242771081816,65.0,118
2021-03-31,2020-12-31,A,US,new,forecast,3,173,33.20355495189877,57.0,111
2021-04-30,2020-12-31,A,US,new,forecast,4,173,31.366985260641215,54.0,107
2021-01-31,2021-01-31,A,US,new,forecast,0,134,62.6865671641791,84.0,134
2021-02-28,2021-01-31,A,US,new,forecast,1,134,42.932398496509634,58.0,96
2021-03-31,2021-01-31,A,US,new,forecast,2,134,38.407098952601956,51.0,90
2021-04-30,2021-01-31,A,US,new,forecast,3,134,34.0404111334189,46.0,84
2021-02-28,2021-02-28,A,US,new,forecast,0,110,80.9090909090909,89.0,110
2021-03-31,2021-02-28,A,US,new,forecast,1,110,61.15492224142143,67.0,95
2021-04-30,2021-02-28,A,US,new,forecast,2,110,56.62962269751376,62.0,89
2021-03-31,2021-03-31,A,US,new,forecast,0,116,70.6896551724138,82.0,116
2021-04-30,2021-03-31,A,US,new,forecast,1,116,50.93548650474432,59.0,82
2021-04-30,2021-04-30,A,US,new,forecast,0,137,100.0,137.0,137
2020-11-30,2020-11-30,B,CA,new,forecast,0,33,63.63636363636363,21.0,33
2020-12-31,2020-11-30,B,CA,new,forecast,1,33,63.63636363636363,21.0,33
2021-01-31,2020-11-30,B,CA,new,forecast,2,33,63.63636363636363,21.0,33
2021-02-28,2020-11-30,B,CA,new,forecast,3,33,31.674874622805895,10.0,23
2021-03-31,2020-11-30,B,CA,new,forecast,4,33,30.656691584695317,10.0,22
2021-04-30,2020-11-30,B,CA,new,forecast,5,33,28.000844087398846,9.0,21
2020-12-31,2020-12-31,B,CA,new,forecast,0,56,58.92857142857143,33.0,56
2021-01-31,2020-12-31,B,CA,new,forecast,1,56,58.92857142857143,33.0,56
2021-02-28,2020-12-31,B,CA,new,forecast,2,56,58.92857142857143,33.0,56
2021-03-31,2020-12-31,B,CA,new,forecast,3,56,26.967082415013692,15.0,34
2021-04-30,2020-12-31,B,CA,new,forecast,4,56,25.948899376903114,15.0,33
2021-01-31,2021-01-31,B,CA,new,forecast,0,0,,0.0,0
2021-02-28,2021-01-31,B,CA,new,forecast,1,0,,0.0,0
2021-03-31,2021-01-31,B,CA,new,forecast,2,0,,0.0,0
2021-04-30,2021-01-31,B,CA,new,forecast,3,0,,0.0,0
2021-02-28,2021-02-28,B,CA,new,forecast,0,0,,0.0,0
2021-03-31,2021-02-28,B,CA,new,forecast,1,0,,0.0,0
2021-04-30,2021-02-28,B,CA,new,forecast,2,0,,0.0,0
2021-03-31,2021-03-31,B,CA,new,forecast,0,0,,0.0,0
2021-04-30,2021-03-31,B,CA,new,forecast,1,0,,0.0,0
2021-04-30,2021-04-30,B,CA,new,forecast,0,0,,0.0,0
2020-11-30,2020-11-30,B,GB,new,forecast,0,138,67.3913043478261,93.0,138
2020-12-31,2020-11-30,B,GB,new,forecast,1,138,67.3913043478261,93.0,138
2021-01-31,2020-11-30,B,GB,new,forecast,2,138,67.3913043478261,93.0,138
2021-02-28,2020-11-30,B,GB,new,forecast,3,138,34.43081793897737,48.0,100
2021-03-31,2020-11-30,B,GB,new,forecast,4,138,32.526277672350844,45.0,98
2021-04-30,2020-11-30,B,GB,new,forecast,5,138,30.036625254371515,41.0,93
2020-12-31,2020-12-31,B,GB,new,forecast,0,198,62.121212121212125,123.0,198
2021-01-31,2020-12-31,B,GB,new,forecast,1,198,62.121212121212125,123.0,198
2021-02-28,2020-12-31,B,GB,new,forecast,2,198,62.121212121212125,123.0,198
2021-03-31,2020-12-31,B,GB,new,forecast,3,198,29.1607257123634,58.0,127
2021-04-30,2020-12-31,B,GB,new,forecast,4,198,27.256185445736875,54.0,123
2021-01-31,2021-01-31,B,GB,new,forecast,0,0,,0.0,0
2021-02-28,2021-01-31,B,GB,new,forecast,1,0,,0.0,0
2021-03-31,2021-01-31,B,GB,new,forecast,2,0,,0.0,0
2021-04-30,2021-01-31,B,GB,new,forecast,3,0,,0.0,0
2021-02-28,2021-02-28,B,GB,new,forecast,0,0,,0.0,0
2021-03-31,2021-02-28,B,GB,new,forecast,1,0,,0.0,0
2021-04-30,2021-02-28,B,GB,new,forecast,2,0,,0.0,0
2021-03-31,2021-03-31,B,GB,new,forecast,0,0,,0.0,0
2021-04-30,2021-03-31,B,GB,new,forecast,1,0,,0.0,0
2021-04-30,2021-04-30,B,GB,new,forecast,0,0,,0.0,0
2020-11-30,2020-11-30,B,US,new,forecast,0,222,68.91891891891892,153.0,222
2020-12-31,2020-11-30,B,US,new,forecast,1,222,68.91891891891892,153.0,222
2021-01-31,2020-11-30,B,US,new,forecast,2,222,68.91891891891892,153.0,222
2021-02-28,2020-11-30,B,US,new,forecast,3,222,40.082721635726145,89.0,164
2021-03-31,2020-11-30,B,US,new,forecast,4,222,38.08822740904499,85.0,160
2021-04-30,2020-11-30,B,US,new,forecast,5,222,35.50457554112848,79.0,153
2020-12-31,2020-12-31,B,US,new,forecast,0,373,62.19839142091153,232.0,373
2021-01-31,2020-12-31,B,US,new,forecast,1,373,62.19839142091153,232.0,373
2021-02-28,2020-12-31,B,US,new,forecast,2,373,62.19839142091153,232.0,373
2021-03-31,2020-12-31,B,US,new,forecast,3,373,33.36219413771875,124.0,239
2021-04-30,2020-12-31,B,US,new,forecast,4,373,31.367699911037597,117.0,232
2021-01-31,2021-01-31,B,US,new,forecast,0,0,,0.0,0
2021-02-28,2021-01-31,B,US,new,forecast,1,0,,0.0,0
2021-03-31,2021-01-31,B,US,new,forecast,2,0,,0.0,0
2021-04-30,2021-01-31,B,US,new,forecast,3,0,,0.0,0
2021-02-28,2021-02-28,B,US,new,forecast,0,0,,0.0,0
2021-03-31,2021-02-28,B,US,new,forecast,1,0,,0.0,0
2021-04-30,2021-02-28,B,US,new,forecast,2,0,,0.0,0
2021-03-31,2021-03-31,B,US,new,forecast,0,0,,0.0,0
2021-04-30,2021-03-31,B,US,new,forecast,1,0,,0.0,0
2021-04-30,2021-04-30,B,US,new,forecast,0,0,,0.0,0
2020-11-30,2020-11-30,C,CA,new,forecast,0,9,66.66666666666667,6.0,9
2020-12-31,2020-11-30,C,CA,new,forecast,1,9,47.6947737657965,4.0,7
2021-01-31,2020-11-30,C,CA,new,forecast,2,9,42.2004829135511,4.0,6
2021-02-28,2020-11-30,C,CA,new,forecast,3,9,37.05248097861735,3.0,6
2021-03-31,2020-11-30,C,CA,new,forecast,4,9,36.92248513271241,3.0,6
2021-04-30,2020-11-30,C,CA,new,forecast,5,9,34.613525678866594,3.0,6
2020-12-31,2020-12-31,C,CA,new,forecast,0,9,66.66666666666667,6.0,9
2021-01-31,2020-12-31,C,CA,new,forecast,1,9,47.6947737657965,4.0,7
2021-02-28,2020-12-31,C,CA,new,forecast,2,9,42.2004829135511,4.0,6
2021-03-31,2020-12-31,C,CA,new,forecast,3,9,37.05248097861735,3.0,6
2021-04-30,2020-12-31,C,CA,new,forecast,4,9,36.92248513271241,3.0,6
2021-01-31,2021-01-31,C,CA,new,forecast,0,9,77.77777777777777,7.0,9
2021-02-28,2021-01-31,C,CA,new,forecast,1,9,58.8058848769076,5.0,8
2021-03-31,2021-01-31,C,CA,new,forecast,2,9,53.3115940246622,5.0,7
2021-04-30,2021-01-31,C,CA,new,forecast,3,9,48.16359208972845,4.0,7
2021-02-28,2021-02-28,C,CA,new,forecast,0,9,77.77777777777777,7.0,9
2021-03-31,2021-02-28,C,CA,new,forecast,1,9,58.8058848769076,5.0,7
2021-04-30,2021-02-28,C,CA,new,forecast,2,9,53.3115940246622,5.0,7
2021-03-31,2021-03-31,C,CA,new,forecast,0,9,100.0,9.0,9
2021-04-30,2021-03-31,C,CA,new,forecast,1,9,81.02810709912983,7.0,9
2021-04-30,2021-04-30,C,CA,new,forecast,0,10,100.0,10.0,10
2020-11-30,2020-11-30,C,GB,new,forecast,0,58,56.89655172413793,33.0,58
2020-12-31,2020-11-30,C,GB,new,forecast,1,58,36.941766105605836,21.0,41
2021-01-31,2020-11-30,C,GB,new,forecast,2,58,32.2156695607906,19.0,38
2021-02-28,2020-11-30,C,GB,new,forecast,3,58,28.07512016544772,16.0,36
2021-03-31,2020-11-30,C,GB,new,forecast,4,58,26.211848368848944,15.0,35
2021-04-30,2020-11-30,C,GB,new,forecast,5,58,23.641819324888985,14.0,33
2020-12-31,2020-12-31,C,GB,new,forecast,0,58,65.51724137931035,38.0,58
2021-01-31,2020-12-31,C,GB,new,forecast,1,58,45.562455760778256,26.0,44
2021-02-28,2020-12-31,C,GB,new,forecast,2,58,40.836359215963014,24.0,42
2021-03-31,2020-12-31,C,GB,new,forecast,3,58,36.69580982062014,21.0,39
2021-04-30,2020-12-31,C,GB,new,forecast,4,58,34.83253802402136,20.0,38
2021-01-31,2021-01-31,C,GB,new,forecast,0,59,69.49152542372882,41.0,59
2021-02-28,2021-01-31,C,GB,new,forecast,1,59,49.536739805196724,29.0,47
2021-03-31,2021-01-31,C,GB,new,forecast,2,59,44.81064326038148,26.0,44
2021-04-30,2021-01-31,C,GB,new,forecast,3,59,40.67009386503861,24.0,41
2021-02-28,2021-02-28,C,GB,new,forecast,0,60,73.33333333333333,44.0,60
2021-03-31,2021-02-28,C,GB,new,forecast,1,60,53.378547714801236,32.0,47
2021-04-30,2021-02-28,C,GB,new,forecast,2,60,48.652451169985994,29.0,44
2021-03-31,2021-03-31,C,GB,new,forecast,0,61,72.1311475409836,44.0,61
2021-04-30,2021-03-31,C,GB,new,forecast,1,61,52.17636192245151,32.0,44
2021-04-30,2021-04-30,C,GB,new,forecast,0,62,100.0,62.0,62
2020-11-30,2020-11-30,C,US,new,forecast,0,61,62.29508196721312,38.0,61
2020-12-31,2020-11-30,C,US,new,forecast,1,61,40.77575944146977,25.0,47
2021-01-31,2020-11-30,C,US,new,forecast,2,61,36.27208990159179,22.0,44
2021-02-28,2020-11-30,C,US,new,forecast,3,61,32.03119597925705,20.0,41
2021-03-31,2020-11-30,C,US,new,forecast,4,61,30.26666883061008,18.0,40
2021-04-30,2020-11-30,C,US,new,forecast,5,61,28.037573656058598,17.0,38
2020-12-31,2020-12-31,C,US,new,forecast,0,62,67.74193548387096,42.0,62
2021-01-31,2020-12-31,C,US,new,forecast,1,62,46.22261295812761,29.0,50
2021-02-28,2020-12-31,C,US,new,forecast,2,62,41.71894341824963,26.0,47
2021-03-31,2020-12-31,C,US,new,forecast,3,62,37.47804949591489,23.0,44
2021-04-30,2020-12-31,C,US,new,forecast,4,62,35.71352234726792,22.0,42
2021-01-31,2021-01-31,C,US,new,forecast,0,62,64.51612903225806,40.0,62
2021-02-28,2021-01-31,C,US,new,forecast,1,62,42.996806506514716,27.0,46
2021-03-31,2021-01-31,C,US,new,forecast,2,62,38.49313696663673,24.0,43
2021-04-30,2021-01-31,C,US,new,forecast,3,62,34.25224304430199,21.0,40
2021-02-28,2021-02-28,C,US,new,forecast,0,63,66.66666666666667,42.0,63
2021-03-31,2021-02-28,C,US,new,forecast,1,63,45.14734414092332,28.0,45
2021-04-30,2021-02-28,C,US,new,forecast,2,63,40.64367460104534,26.0,42
2021-03-31,2021-03-31,C,US,new,forecast,0,63,77.77777777777777,49.0,63
2021-04-30,2021-03-31,C,US,new,forecast,1,63,56.25845525203442,35.0,49
2021-04-30,2021-04-30,C,US,new,forecast,0,63,100.0,63.0,63
