{
"meta":{"test_sets":[],"test_metrics":[],"learn_metrics":[{"best_value":"Min","name":"RMSE"}],"launch_mode":"Train","parameters":"","iteration_count":1000,"learn_sets":["learn"],"name":"experiment"},
"iterations":[
{"learn":[5.627288911],"iteration":0,"passed_time":0.1682168482,"remaining_time":168.0486314},
{"learn":[5.470410008],"iteration":1,"passed_time":0.1694654537,"remaining_time":84.56326137},
{"learn":[5.32025721],"iteration":2,"passed_time":0.1705659043,"remaining_time":56.68473553},
{"learn":[5.17978781],"iteration":3,"passed_time":0.171826212,"remaining_time":42.78472678},
{"learn":[5.047298448],"iteration":4,"passed_time":0.1730023666,"remaining_time":34.42747096},
{"learn":[4.920052583],"iteration":5,"passed_time":0.1752074382,"remaining_time":29.02603226},
{"learn":[4.802623855],"iteration":6,"passed_time":0.176535262,"remaining_time":25.04278788},
{"learn":[4.687338052],"iteration":7,"passed_time":0.1780475041,"remaining_time":22.07789051},
{"learn":[4.581736545],"iteration":8,"passed_time":0.17958482,"remaining_time":19.77428406},
{"learn":[4.480285777],"iteration":9,"passed_time":0.1811642188,"remaining_time":17.93525766},
{"learn":[4.414320045],"iteration":10,"passed_time":0.1824015718,"remaining_time":16.3995595},
{"learn":[4.326926105],"iteration":11,"passed_time":0.1840751721,"remaining_time":15.1555225},
{"learn":[4.232296063],"iteration":12,"passed_time":0.1853432009,"remaining_time":14.0718261},
{"learn":[4.158234637],"iteration":13,"passed_time":0.186439523,"remaining_time":13.13066926},
{"learn":[4.103059114],"iteration":14,"passed_time":0.1875312506,"remaining_time":12.31455213},
{"learn":[4.035601501],"iteration":15,"passed_time":0.1889944254,"remaining_time":11.62315716},
{"learn":[3.971125303],"iteration":16,"passed_time":0.1902781239,"remaining_time":11.00255269},
{"learn":[3.911269479],"iteration":17,"passed_time":0.192115871,"remaining_time":10.48098807},
{"learn":[3.856399639],"iteration":18,"passed_time":0.1936032416,"remaining_time":9.996041055},
{"learn":[3.823798796],"iteration":19,"passed_time":0.1948844638,"remaining_time":9.549338727},
{"learn":[3.775964294],"iteration":20,"passed_time":0.1962859279,"remaining_time":9.150663018},
{"learn":[3.731499061],"iteration":21,"passed_time":0.1983241821,"remaining_time":8.816411366},
{"learn":[3.676371097],"iteration":22,"passed_time":0.1995734294,"remaining_time":8.477532198},
{"learn":[3.644794217],"iteration":23,"passed_time":0.2008735275,"remaining_time":8.168856783},
{"learn":[3.606933267],"iteration":24,"passed_time":0.2018952566,"remaining_time":7.873915009},
{"learn":[3.574090055],"iteration":25,"passed_time":0.2029123975,"remaining_time":7.601410583},
{"learn":[3.529432707],"iteration":26,"passed_time":0.2039222573,"remaining_time":7.34875394},
{"learn":[3.486311889],"iteration":27,"passed_time":0.2050744786,"remaining_time":7.119014042},
{"learn":[3.466357753],"iteration":28,"passed_time":0.2061754979,"remaining_time":6.903324428},
{"learn":[3.4428725],"iteration":29,"passed_time":0.2073897932,"remaining_time":6.705603312},
{"learn":[3.415853894],"iteration":30,"passed_time":0.2089959562,"remaining_time":6.532809082},
{"learn":[3.385676102],"iteration":31,"passed_time":0.2103710937,"remaining_time":6.363725586},
{"learn":[3.359190673],"iteration":32,"passed_time":0.2121076951,"remaining_time":6.215398218},
{"learn":[3.30289523],"iteration":33,"passed_time":0.2137049886,"remaining_time":6.071735853},
{"learn":[3.288564246],"iteration":34,"passed_time":0.2149169411,"remaining_time":5.925567089},
{"learn":[3.268776742],"iteration":35,"passed_time":0.2159888584,"remaining_time":5.783701652},
{"learn":[3.24563967],"iteration":36,"passed_time":0.2171642728,"remaining_time":5.652140397},
{"learn":[3.207920242],"iteration":37,"passed_time":0.2182477322,"remaining_time":5.525113642},
{"learn":[3.187226154],"iteration":38,"passed_time":0.2193339486,"remaining_time":5.404613451},
{"learn":[3.152413992],"iteration":39,"passed_time":0.2204803202,"remaining_time":5.291527685},
{"learn":[3.14277961],"iteration":40,"passed_time":0.2219280154,"remaining_time":5.19095041},
{"learn":[3.134109391],"iteration":41,"passed_time":0.2232162767,"remaining_time":5.091456979},
{"learn":[3.1052996],"iteration":42,"passed_time":0.2253943769,"remaining_time":5.016335318},
{"learn":[3.056228223],"iteration":43,"passed_time":0.2276162062,"remaining_time":4.945479389},
{"learn":[3.047660917],"iteration":44,"passed_time":0.2288004896,"remaining_time":4.855654835},
{"learn":[3.034217978],"iteration":45,"passed_time":0.230150582,"remaining_time":4.773122941},
{"learn":[3.027564522],"iteration":46,"passed_time":0.2317042045,"remaining_time":4.698172487},
{"learn":[2.998554595],"iteration":47,"passed_time":0.233080787,"remaining_time":4.622768943},
{"learn":[2.993648339],"iteration":48,"passed_time":0.2342375911,"remaining_time":4.546121411},
{"learn":[2.987076011],"iteration":49,"passed_time":0.235374223,"remaining_time":4.472110236},
{"learn":[2.976692126],"iteration":50,"passed_time":0.2365880339,"remaining_time":4.402393024},
{"learn":[2.970790895],"iteration":51,"passed_time":0.2376285039,"remaining_time":4.332150418},
{"learn":[2.964586723],"iteration":52,"passed_time":0.2388436254,"remaining_time":4.267639872},
{"learn":[2.955118892],"iteration":53,"passed_time":0.2400622305,"remaining_time":4.20553463},
{"learn":[2.943174745],"iteration":54,"passed_time":0.2414832233,"remaining_time":4.149120837},
{"learn":[2.927773365],"iteration":55,"passed_time":0.2429678717,"remaining_time":4.095744122},
{"learn":[2.921346611],"iteration":56,"passed_time":0.244447609,"remaining_time":4.044106934},
{"learn":[2.91448308],"iteration":57,"passed_time":0.2459310046,"remaining_time":3.994258729},
{"learn":[2.900315442],"iteration":58,"passed_time":0.2477578981,"remaining_time":3.951528511},
{"learn":[2.878059735],"iteration":59,"passed_time":0.2489943602,"remaining_time":3.900911643},
{"learn":[2.869057431],"iteration":60,"passed_time":0.250143288,"remaining_time":3.850566351},
{"learn":[2.866167344],"iteration":61,"passed_time":0.251299145,"remaining_time":3.801912871},
{"learn":[2.856872413],"iteration":62,"passed_time":0.2527036285,"remaining_time":3.758465077},
{"learn":[2.836010615],"iteration":63,"passed_time":0.2540129995,"remaining_time":3.714940118},
{"learn":[2.818924791],"iteration":64,"passed_time":0.2551069922,"remaining_time":3.669615965},
{"learn":[2.808492354],"iteration":65,"passed_time":0.2562894226,"remaining_time":3.626883648},
{"learn":[2.797353301],"iteration":66,"passed_time":0.2578212719,"remaining_time":3.590257413},
{"learn":[2.786205392],"iteration":67,"passed_time":0.259423888,"remaining_time":3.555633288},
{"learn":[2.781312141],"iteration":68,"passed_time":0.2609833856,"remaining_time":3.521384522},
{"learn":[2.775978598],"iteration":69,"passed_time":0.2623915907,"remaining_time":3.486059704},
{"learn":[2.767087793],"iteration":70,"passed_time":0.264138379,"remaining_time":3.456120481},
{"learn":[2.763680478],"iteration":71,"passed_time":0.2658175077,"remaining_time":3.426092322},
{"learn":[2.761425976],"iteration":72,"passed_time":0.2674915071,"remaining_time":3.396775713},
{"learn":[2.757410616],"iteration":73,"passed_time":0.2687924975,"remaining_time":3.363538549},
{"learn":[2.744859258],"iteration":74,"passed_time":0.2701277759,"remaining_time":3.331575903},
{"learn":[2.741141768],"iteration":75,"passed_time":0.2713086038,"remaining_time":3.298541446},
{"learn":[2.737930882],"iteration":76,"passed_time":0.2726106923,"remaining_time":3.267787909},
{"learn":[2.729518962],"iteration":77,"passed_time":0.2738593384,"remaining_time":3.237157821},
{"learn":[2.720403934],"iteration":78,"passed_time":0.2749837767,"remaining_time":3.205823523},
{"learn":[2.714156018],"iteration":79,"passed_time":0.2761809563,"remaining_time":3.176080998},
{"learn":[2.708477986],"iteration":80,"passed_time":0.2779899623,"remaining_time":3.153984881},
{"learn":[2.705502344],"iteration":81,"passed_time":0.2796485875,"remaining_time":3.130700041},
{"learn":[2.701821216],"iteration":82,"passed_time":0.2814570926,"remaining_time":3.109592216},
{"learn":[2.698828856],"iteration":83,"passed_time":0.2832193851,"remaining_time":3.088439961},
{"learn":[2.693550091],"iteration":84,"passed_time":0.2849316033,"remaining_time":3.067204906},
{"learn":[2.691420897],"iteration":85,"passed_time":0.2861798083,"remaining_time":3.041492381},
{"learn":[2.682603852],"iteration":86,"passed_time":0.2876877647,"remaining_time":3.019068151},
{"learn":[2.674192772],"iteration":87,"passed_time":0.2891169595,"remaining_time":2.996303035},
{"learn":[2.667499418],"iteration":88,"passed_time":0.2904510801,"remaining_time":2.973044202},
{"learn":[2.658505623],"iteration":89,"passed_time":0.2918716157,"remaining_time":2.951146336},
{"learn":[2.647551307],"iteration":90,"passed_time":0.293550783,"remaining_time":2.932281998},
{"learn":[2.644404832],"iteration":91,"passed_time":0.2954956373,"remaining_time":2.916413464},
{"learn":[2.636795951],"iteration":92,"passed_time":0.2971417643,"remaining_time":2.89793097},
{"learn":[2.633638875],"iteration":93,"passed_time":0.2986678944,"remaining_time":2.878650132},
{"learn":[2.626661199],"iteration":94,"passed_time":0.3000385295,"remaining_time":2.858261781},
{"learn":[2.620415055],"iteration":95,"passed_time":0.3014830276,"remaining_time":2.838965177},
{"learn":[2.618745061],"iteration":96,"passed_time":0.3029870206,"remaining_time":2.820590511},
{"learn":[2.616714823],"iteration":97,"passed_time":0.3047014442,"remaining_time":2.804496966},
{"learn":[2.613257799],"iteration":98,"passed_time":0.3063496912,"remaining_time":2.788091634},
{"learn":[2.60865074],"iteration":99,"passed_time":0.3078538884,"remaining_time":2.770684996},
{"learn":[2.60279722],"iteration":100,"passed_time":0.3092146612,"remaining_time":2.752316638},
{"learn":[2.598803982],"iteration":101,"passed_time":0.3104407822,"remaining_time":2.733096298},
{"learn":[2.581474247],"iteration":102,"passed_time":0.3118505376,"remaining_time":2.715824584},
{"learn":[2.579986593],"iteration":103,"passed_time":0.3132967848,"remaining_time":2.6991723},
{"learn":[2.575297056],"iteration":104,"passed_time":0.3148727964,"remaining_time":2.683915741},
{"learn":[2.570493736],"iteration":105,"passed_time":0.3164828872,"remaining_time":2.669204728},
{"learn":[2.569597943],"iteration":106,"passed_time":0.3175456043,"remaining_time":2.650170324},
{"learn":[2.566305646],"iteration":107,"passed_time":0.3190418977,"remaining_time":2.635049747},
{"learn":[2.560688342],"iteration":108,"passed_time":0.3208884294,"remaining_time":2.623042116},
{"learn":[2.559518257],"iteration":109,"passed_time":0.3221070084,"remaining_time":2.606138523},
{"learn":[2.556207182],"iteration":110,"passed_time":0.3232244984,"remaining_time":2.58870792},
{"learn":[2.553911147],"iteration":111,"passed_time":0.3243706723,"remaining_time":2.571796045},
{"learn":[2.549845929],"iteration":112,"passed_time":0.3255635864,"remaining_time":2.555530098},
{"learn":[2.542674385],"iteration":113,"passed_time":0.3267301207,"remaining_time":2.53932357},
{"learn":[2.539548434],"iteration":114,"passed_time":0.3279350561,"remaining_time":2.523674128},
{"learn":[2.536621165],"iteration":115,"passed_time":0.329113503,"remaining_time":2.508071868},
{"learn":[2.534600759],"iteration":116,"passed_time":0.3308017431,"remaining_time":2.496563583},
{"learn":[2.5310697],"iteration":117,"passed_time":0.3324788055,"remaining_time":2.485138191},
{"learn":[2.529531419],"iteration":118,"passed_time":0.3340415681,"remaining_time":2.473030432},
{"learn":[2.527792782],"iteration":119,"passed_time":0.3358871884,"remaining_time":2.463172715},
{"learn":[2.523769093],"iteration":120,"passed_time":0.337190348,"remaining_time":2.449506743},
{"learn":[2.52161626],"iteration":121,"passed_time":0.3385963737,"remaining_time":2.436783739},
{"learn":[2.511589755],"iteration":122,"passed_time":0.3398675364,"remaining_time":2.423283166},
{"learn":[2.503502115],"iteration":123,"passed_time":0.3411020903,"remaining_time":2.409721218},
{"learn":[2.501231372],"iteration":124,"passed_time":0.3423389504,"remaining_time":2.396372653},
{"learn":[2.498856825],"iteration":125,"passed_time":0.3436165755,"remaining_time":2.383499103},
{"learn":[2.47043203],"iteration":126,"passed_time":0.3448034722,"remaining_time":2.370184498},
{"learn":[2.467922694],"iteration":127,"passed_time":0.3460503331,"remaining_time":2.357467894},
{"learn":[2.452906983],"iteration":128,"passed_time":0.3476520458,"remaining_time":2.347325053},
{"learn":[2.44454821],"iteration":129,"passed_time":0.3492460619,"remaining_time":2.337262107},
{"learn":[2.442605886],"iteration":130,"passed_time":0.3506163005,"remaining_time":2.325844008},
{"learn":[2.441542965],"iteration":131,"passed_time":0.3518705076,"remaining_time":2.313815156},
{"learn":[2.439594722],"iteration":132,"passed_time":0.3530641052,"remaining_time":2.301553227},
{"learn":[2.437580644],"iteration":133,"passed_time":0.3543021136,"remaining_time":2.28974351},
{"learn":[2.436846474],"iteration":134,"passed_time":0.3554850223,"remaining_time":2.277737365},
{"learn":[2.433001531],"iteration":135,"passed_time":0.3567169467,"remaining_time":2.266201779},
{"learn":[2.431507895],"iteration":136,"passed_time":0.3579679743,"remaining_time":2.254936948},
{"learn":[2.429027789],"iteration":137,"passed_time":0.3591455609,"remaining_time":2.243358504},
{"learn":[2.420534649],"iteration":138,"passed_time":0.3603533968,"remaining_time":2.232117084},
{"learn":[2.419058227],"iteration":139,"passed_time":0.361716914,"remaining_time":2.221975329},
{"learn":[2.417671761],"iteration":140,"passed_time":0.3629331356,"remaining_time":2.211060734},
{"learn":[2.41569072],"iteration":141,"passed_time":0.364275682,"remaining_time":2.201046022},
{"learn":[2.410094832],"iteration":142,"passed_time":0.3658947989,"remaining_time":2.192810089},
{"learn":[2.404004879],"iteration":143,"passed_time":0.3672244556,"remaining_time":2.182945375},
{"learn":[2.400050631],"iteration":144,"passed_time":0.3686701518,"remaining_time":2.173882619},
{"learn":[2.396688821],"iteration":145,"passed_time":0.3699223805,"remaining_time":2.163792554},
{"learn":[2.387189392],"iteration":146,"passed_time":0.3712815381,"remaining_time":2.154443211},
{"learn":[2.383187008],"iteration":147,"passed_time":0.3725093555,"remaining_time":2.144445749},
{"learn":[2.382104015],"iteration":148,"passed_time":0.3737705842,"remaining_time":2.134756826},
{"learn":[2.38087166],"iteration":149,"passed_time":0.3749674878,"remaining_time":2.124815764},
{"learn":[2.380133943],"iteration":150,"passed_time":0.3762198434,"remaining_time":2.115302298},
{"learn":[2.377499703],"iteration":151,"passed_time":0.3774811544,"remaining_time":2.105947493},
{"learn":[2.377041124],"iteration":152,"passed_time":0.3784518788,"remaining_time":2.095089813},
{"learn":[2.374206782],"iteration":153,"passed_time":0.3796200468,"remaining_time":2.085445192},
{"learn":[2.372818659],"iteration":154,"passed_time":0.3808661915,"remaining_time":2.076335044},
{"learn":[2.350002771],"iteration":155,"passed_time":0.3820729794,"remaining_time":2.067112786},
{"learn":[2.347275042],"iteration":156,"passed_time":0.3837273486,"remaining_time":2.060395891},
{"learn":[2.346228601],"iteration":157,"passed_time":0.3852962418,"remaining_time":2.053287567},
{"learn":[2.345035453],"iteration":158,"passed_time":0.3865749816,"remaining_time":2.044714211},
{"learn":[2.343824391],"iteration":159,"passed_time":0.387862737,"remaining_time":2.036279369},
{"learn":[2.340783467],"iteration":160,"passed_time":0.389041353,"remaining_time":2.027364566},
{"learn":[2.338784659],"iteration":161,"passed_time":0.3906117764,"remaining_time":2.020572029},
{"learn":[2.336107514],"iteration":162,"passed_time":0.3920175277,"remaining_time":2.012997979},
{"learn":[2.327022492],"iteration":163,"passed_time":0.3934719915,"remaining_time":2.005747469},
{"learn":[2.325107481],"iteration":164,"passed_time":0.3949926604,"remaining_time":1.998902251},
{"learn":[2.323564529],"iteration":165,"passed_time":0.3964403506,"remaining_time":1.991754533},
{"learn":[2.317370554],"iteration":166,"passed_time":0.3983033647,"remaining_time":1.986746723},
{"learn":[2.314813881],"iteration":167,"passed_time":0.3996916183,"remaining_time":1.979425157},
{"learn":[2.303419329],"iteration":168,"passed_time":0.4011349776,"remaining_time":1.972444772},
{"learn":[2.301348152],"iteration":169,"passed_time":0.4029594305,"remaining_time":1.967390161},
{"learn":[2.29895632],"iteration":170,"passed_time":0.4043767047,"remaining_time":1.960399346},
{"learn":[2.29749308],"iteration":171,"passed_time":0.4058301758,"remaining_time":1.95364759},
{"learn":[2.295935234],"iteration":172,"passed_time":0.4072598971,"remaining_time":1.946843554},
{"learn":[2.289868604],"iteration":173,"passed_time":0.4085380151,"remaining_time":1.939381612},
{"learn":[2.288370579],"iteration":174,"passed_time":0.4099230174,"remaining_time":1.932494225},
{"learn":[2.284534989],"iteration":175,"passed_time":0.4111418484,"remaining_time":1.924891381},
{"learn":[2.282337175],"iteration":176,"passed_time":0.4124912442,"remaining_time":1.917967762},
{"learn":[2.276412005],"iteration":177,"passed_time":0.4139588381,"remaining_time":1.911652612},
{"learn":[2.270831761],"iteration":178,"passed_time":0.4153016159,"remaining_time":1.904819143},
{"learn":[2.268682653],"iteration":179,"passed_time":0.4166020361,"remaining_time":1.89785372},
{"learn":[2.267110715],"iteration":180,"passed_time":0.4180013575,"remaining_time":1.891398408},
{"learn":[2.265540216],"iteration":181,"passed_time":0.4196092436,"remaining_time":1.885936051},
{"learn":[2.260667953],"iteration":182,"passed_time":0.4210366843,"remaining_time":1.879710224},
{"learn":[2.250666121],"iteration":183,"passed_time":0.4225134042,"remaining_time":1.873755097},
{"learn":[2.241138858],"iteration":184,"passed_time":0.4239904864,"remaining_time":1.867849981},
{"learn":[2.23599671],"iteration":185,"passed_time":0.4253178981,"remaining_time":1.861337468},
{"learn":[2.234241244],"iteration":186,"passed_time":0.4267168156,"remaining_time":1.855191289},
{"learn":[2.232318583],"iteration":187,"passed_time":0.4283909484,"remaining_time":1.850284309},
{"learn":[2.230515861],"iteration":188,"passed_time":0.4298190948,"remaining_time":1.84435601},
{"learn":[2.222392952],"iteration":189,"passed_time":0.4312917714,"remaining_time":1.83866492},
{"learn":[2.220497485],"iteration":190,"passed_time":0.4327993875,"remaining_time":1.833165992},
{"learn":[2.211856926],"iteration":191,"passed_time":0.4345004807,"remaining_time":1.828522856},
{"learn":[2.209241383],"iteration":192,"passed_time":0.4361449776,"remaining_time":1.823673559},
{"learn":[2.206263132],"iteration":193,"passed_time":0.4375884825,"remaining_time":1.818022252},
{"learn":[2.204583099],"iteration":194,"passed_time":0.4389111749,"remaining_time":1.811915363},
{"learn":[2.201277546],"iteration":195,"passed_time":0.4404691774,"remaining_time":1.806822544},
{"learn":[2.196878867],"iteration":196,"passed_time":0.4417778082,"remaining_time":1.800749137},
{"learn":[2.194307463],"iteration":197,"passed_time":0.4431252712,"remaining_time":1.794881149},
{"learn":[2.18977838],"iteration":198,"passed_time":0.4444732004,"remaining_time":1.78906047},
{"learn":[2.188208352],"iteration":199,"passed_time":0.4457049457,"remaining_time":1.782819783},
{"learn":[2.18393953],"iteration":200,"passed_time":0.4469632417,"remaining_time":1.776734478},
{"learn":[2.182538065],"iteration":201,"passed_time":0.4482597793,"remaining_time":1.770848039},
{"learn":[2.181117948],"iteration":202,"passed_time":0.4496632951,"remaining_time":1.765426828},
{"learn":[2.179334551],"iteration":203,"passed_time":0.4512623527,"remaining_time":1.760808004},
{"learn":[2.177510051],"iteration":204,"passed_time":0.4526505642,"remaining_time":1.755400969},
{"learn":[2.176433786],"iteration":205,"passed_time":0.4543840915,"remaining_time":1.751363925},
{"learn":[2.175151065],"iteration":206,"passed_time":0.4559793468,"remaining_time":1.74681943},
{"learn":[2.17346618],"iteration":207,"passed_time":0.4573092303,"remaining_time":1.741292839},
{"learn":[2.171816677],"iteration":208,"passed_time":0.4588397495,"remaining_time":1.736565751},
{"learn":[2.170240676],"iteration":209,"passed_time":0.460516426,"remaining_time":1.732418936},
{"learn":[2.167444445],"iteration":210,"passed_time":0.4622187147,"remaining_time":1.728391308},
{"learn":[2.165321475],"iteration":211,"passed_time":0.4640400226,"remaining_time":1.724828009},
{"learn":[2.16030123],"iteration":212,"passed_time":0.4657071169,"remaining_time":1.720711272},
{"learn":[2.157624391],"iteration":213,"passed_time":0.467543144,"remaining_time":1.717237903},
{"learn":[2.156552234],"iteration":214,"passed_time":0.4690886538,"remaining_time":1.712719038},
{"learn":[2.155268227],"iteration":215,"passed_time":0.4705571135,"remaining_time":1.707948042},
{"learn":[2.153993114],"iteration":216,"passed_time":0.4723787933,"remaining_time":1.704482005},
{"learn":[2.152901894],"iteration":217,"passed_time":0.4740623412,"remaining_time":1.700535554},
{"learn":[2.149794446],"iteration":218,"passed_time":0.4759576327,"remaining_time":1.697364891},
{"learn":[2.148895819],"iteration":219,"passed_time":0.4775620281,"remaining_time":1.693174463},
{"learn":[2.14749734],"iteration":220,"passed_time":0.4789520223,"remaining_time":1.688251698},
{"learn":[2.145930522],"iteration":221,"passed_time":0.4804066763,"remaining_time":1.683587361},
{"learn":[2.144322777],"iteration":222,"passed_time":0.4821246744,"remaining_time":1.679869381},
{"learn":[2.142559291],"iteration":223,"passed_time":0.4841888034,"remaining_time":1.677368354},
{"learn":[2.141513686],"iteration":224,"passed_time":0.4859798354,"remaining_time":1.673930544},
{"learn":[2.137724351],"iteration":225,"passed_time":0.4877603091,"remaining_time":1.670471147},
{"learn":[2.131207889],"iteration":226,"passed_time":0.4892810799,"remaining_time":1.66614218},
{"learn":[2.123995507],"iteration":227,"passed_time":0.4908117913,"remaining_time":1.661871504},
{"learn":[2.122846426],"iteration":228,"passed_time":0.4924531734,"remaining_time":1.657997365},
{"learn":[2.121341619],"iteration":229,"passed_time":0.4947993195,"remaining_time":1.65650207},
{"learn":[2.118462218],"iteration":230,"passed_time":0.4968946127,"remaining_time":1.654164317},
{"learn":[2.117553712],"iteration":231,"passed_time":0.4984145981,"remaining_time":1.649924187},
{"learn":[2.116660308],"iteration":232,"passed_time":0.5000047396,"remaining_time":1.645938349},
{"learn":[2.11577072],"iteration":233,"passed_time":0.5018570622,"remaining_time":1.642831238},
{"learn":[2.114108071],"iteration":234,"passed_time":0.5034168033,"remaining_time":1.63878236},
{"learn":[2.11282939],"iteration":235,"passed_time":0.5047188075,"remaining_time":1.633920207},
{"learn":[2.110723558],"iteration":236,"passed_time":0.5063539917,"remaining_time":1.630160741},
{"learn":[2.108059408],"iteration":237,"passed_time":0.5079865831,"remaining_time":1.626410825},
{"learn":[2.104551974],"iteration":238,"passed_time":0.5100370384,"remaining_time":1.624009147},
{"learn":[2.103026521],"iteration":239,"passed_time":0.512390724,"remaining_time":1.622570626},
{"learn":[2.102211588],"iteration":240,"passed_time":0.5144116657,"remaining_time":1.620076574},
{"learn":[2.100961029],"iteration":241,"passed_time":0.5162329717,"remaining_time":1.616961126},
{"learn":[2.099191644],"iteration":242,"passed_time":0.518093405,"remaining_time":1.61397822},
{"learn":[2.097887903],"iteration":243,"passed_time":0.5194673566,"remaining_time":1.60949722},
{"learn":[2.097129288],"iteration":244,"passed_time":0.5207925519,"remaining_time":1.604891333},
{"learn":[2.095982221],"iteration":245,"passed_time":0.522133816,"remaining_time":1.600361371},
{"learn":[2.094560893],"iteration":246,"passed_time":0.5237532953,"remaining_time":1.59670539},
{"learn":[2.093436573],"iteration":247,"passed_time":0.5253449038,"remaining_time":1.592981321},
{"learn":[2.091492764],"iteration":248,"passed_time":0.5268278272,"remaining_time":1.588946579},
{"learn":[2.09069018],"iteration":249,"passed_time":0.5287447208,"remaining_time":1.586234162},
{"learn":[2.088199809],"iteration":250,"passed_time":0.5308709354,"remaining_time":1.584152711},
{"learn":[2.081408654],"iteration":251,"passed_time":0.5325457267,"remaining_time":1.580730967},
{"learn":[2.08073206],"iteration":252,"passed_time":0.5341530942,"remaining_time":1.577123958},
{"learn":[2.079922289],"iteration":253,"passed_time":0.5355541432,"remaining_time":1.572926736},
{"learn":[2.077598248],"iteration":254,"passed_time":0.5370853209,"remaining_time":1.569131624},
{"learn":[2.076554593],"iteration":255,"passed_time":0.5386172318,"remaining_time":1.56535633},
{"learn":[2.07519091],"iteration":256,"passed_time":0.540094408,"remaining_time":1.561440253},
{"learn":[2.072051795],"iteration":257,"passed_time":0.5416628966,"remaining_time":1.557805695},
{"learn":[2.068253154],"iteration":258,"passed_time":0.5441154779,"remaining_time":1.556716483},
{"learn":[2.066666062],"iteration":259,"passed_time":0.5459184315,"remaining_time":1.553767843},
{"learn":[2.064868907],"iteration":260,"passed_time":0.5477378342,"remaining_time":1.550874557},
{"learn":[2.06336136],"iteration":261,"passed_time":0.5492481998,"remaining_time":1.547118975},
{"learn":[2.062380179],"iteration":262,"passed_time":0.5507306749,"remaining_time":1.54330231},
{"learn":[2.059409897],"iteration":263,"passed_time":0.5879764253,"remaining_time":1.639207004},
{"learn":[2.057901466],"iteration":264,"passed_time":0.5900084595,"remaining_time":1.636438557},
{"learn":[2.051055711],"iteration":265,"passed_time":0.5919694342,"remaining_time":1.633479567},
{"learn":[2.050438193],"iteration":266,"passed_time":0.5936337535,"remaining_time":1.629713638},
{"learn":[2.044896288],"iteration":267,"passed_time":0.5953633599,"remaining_time":1.626141714},
{"learn":[2.04387552],"iteration":268,"passed_time":0.5971589969,"remaining_time":1.622762925},
{"learn":[2.041340886],"iteration":269,"passed_time":0.5991181783,"remaining_time":1.619838038},
{"learn":[2.039934607],"iteration":270,"passed_time":0.6012341265,"remaining_time":1.617341986},
{"learn":[2.038739119],"iteration":271,"passed_time":0.603208788,"remaining_time":1.61447058},
{"learn":[2.036380023],"iteration":272,"passed_time":0.6064128583,"remaining_time":1.614879663},
{"learn":[2.03527518],"iteration":273,"passed_time":0.6089435351,"remaining_time":1.613478126},
{"learn":[2.03412782],"iteration":274,"passed_time":0.611680777,"remaining_time":1.612612958},
{"learn":[2.033232593],"iteration":275,"passed_time":0.613926861,"remaining_time":1.610445824},
{"learn":[2.032300386],"iteration":276,"passed_time":0.6156085479,"remaining_time":1.606804982},
{"learn":[2.03171694],"iteration":277,"passed_time":0.6180690089,"remaining_time":1.605200807},
{"learn":[2.029916521],"iteration":278,"passed_time":0.6201067903,"remaining_time":1.602498193},
{"learn":[2.028165461],"iteration":279,"passed_time":0.6217965467,"remaining_time":1.598905406},
{"learn":[2.026272609],"iteration":280,"passed_time":0.6238713947,"remaining_time":1.596311505},
{"learn":[2.024973534],"iteration":281,"passed_time":0.6259142483,"remaining_time":1.593639824},
{"learn":[2.023489125],"iteration":282,"passed_time":0.6273053517,"remaining_time":1.589321333},
{"learn":[2.022435937],"iteration":283,"passed_time":0.628671298,"remaining_time":1.584960033},
{"learn":[2.021500977],"iteration":284,"passed_time":0.6310990444,"remaining_time":1.583283568},
{"learn":[2.019741255],"iteration":285,"passed_time":0.6329049843,"remaining_time":1.580049506},
{"learn":[2.014319731],"iteration":286,"passed_time":0.6354021104,"remaining_time":1.578542525},
{"learn":[2.011988554],"iteration":287,"passed_time":0.6373537719,"remaining_time":1.575680158},
{"learn":[2.010876664],"iteration":288,"passed_time":0.6391050653,"remaining_time":1.572331147},
{"learn":[2.010074087],"iteration":289,"passed_time":0.6405713206,"remaining_time":1.568295302},
{"learn":[2.008971477],"iteration":290,"passed_time":0.6420840857,"remaining_time":1.564390436},
{"learn":[2.007907782],"iteration":291,"passed_time":0.6446461221,"remaining_time":1.563046077},
{"learn":[2.005901747],"iteration":292,"passed_time":0.6463485664,"remaining_time":1.559619237},
{"learn":[2.005124609],"iteration":293,"passed_time":0.6497409051,"remaining_time":1.560262173},
{"learn":[2.003689935],"iteration":294,"passed_time":0.6535122575,"remaining_time":1.561783531},
{"learn":[2.001811711],"iteration":295,"passed_time":0.6555886588,"remaining_time":1.559237891},
{"learn":[2.000568309],"iteration":296,"passed_time":0.657837309,"remaining_time":1.557103125},
{"learn":[1.99840899],"iteration":297,"passed_time":0.6600396633,"remaining_time":1.554858536},
{"learn":[1.997075001],"iteration":298,"passed_time":0.6616624912,"remaining_time":1.55125554},
{"learn":[1.996397692],"iteration":299,"passed_time":0.6631752694,"remaining_time":1.547408962},
{"learn":[1.995154016],"iteration":300,"passed_time":0.6645854875,"remaining_time":1.54333972},
{"learn":[1.994611094],"iteration":301,"passed_time":0.6662731103,"remaining_time":1.539929242},
{"learn":[1.993234274],"iteration":302,"passed_time":0.667891489,"remaining_time":1.536370851},
{"learn":[1.991901272],"iteration":303,"passed_time":0.6696836593,"remaining_time":1.533223115},
{"learn":[1.990661703],"iteration":304,"passed_time":0.6720391593,"remaining_time":1.53136792},
{"learn":[1.989424847],"iteration":305,"passed_time":0.6738456683,"remaining_time":1.528264359},
{"learn":[1.988455914],"iteration":306,"passed_time":0.6755081998,"remaining_time":1.524844243},
{"learn":[1.986628247],"iteration":307,"passed_time":0.6772507025,"remaining_time":1.521615215},
{"learn":[1.985820493],"iteration":308,"passed_time":0.6791461877,"remaining_time":1.518737915},
{"learn":[1.984561296],"iteration":309,"passed_time":0.6805736922,"remaining_time":1.514825315},
{"learn":[1.983059477],"iteration":310,"passed_time":0.6821849785,"remaining_time":1.511335853},
{"learn":[1.977916364],"iteration":311,"passed_time":0.6837972566,"remaining_time":1.507860617},
{"learn":[1.977332329],"iteration":312,"passed_time":0.6853427494,"remaining_time":1.504250699},
{"learn":[1.975862278],"iteration":313,"passed_time":0.6872033363,"remaining_time":1.501342321},
{"learn":[1.974277288],"iteration":314,"passed_time":0.6899771714,"remaining_time":1.500426547},
{"learn":[1.973560132],"iteration":315,"passed_time":0.6917027582,"remaining_time":1.497230021},
{"learn":[1.971430989],"iteration":316,"passed_time":0.6932439798,"remaining_time":1.493645546},
{"learn":[1.969804988],"iteration":317,"passed_time":0.6947821639,"remaining_time":1.490067408},
{"learn":[1.968433292],"iteration":318,"passed_time":0.6965348777,"remaining_time":1.486960037},
{"learn":[1.967684538],"iteration":319,"passed_time":0.6980254228,"remaining_time":1.483304024},
{"learn":[1.966702831],"iteration":320,"passed_time":0.6994680931,"remaining_time":1.479560234},
{"learn":[1.965532],"iteration":321,"passed_time":0.70110321,"remaining_time":1.476235951},
{"learn":[1.964430075],"iteration":322,"passed_time":0.7027602201,"remaining_time":1.472968016},
{"learn":[1.96324875],"iteration":323,"passed_time":0.7046921536,"remaining_time":1.470283629},
{"learn":[1.962170498],"iteration":324,"passed_time":0.7068637828,"remaining_time":1.468101703},
{"learn":[1.960695897],"iteration":325,"passed_time":0.7088649523,"remaining_time":1.465567417},
{"learn":[1.957430553],"iteration":326,"passed_time":0.7112233653,"remaining_time":1.463771636},
{"learn":[1.956311701],"iteration":327,"passed_time":0.7129282488,"remaining_time":1.460633485},
{"learn":[1.95551222],"iteration":328,"passed_time":0.7143528849,"remaining_time":1.45693248},
{"learn":[1.95430274],"iteration":329,"passed_time":0.7161012026,"remaining_time":1.453902442},
{"learn":[1.953202703],"iteration":330,"passed_time":0.7178629931,"remaining_time":1.450907379},
{"learn":[1.952020735],"iteration":331,"passed_time":0.719763272,"remaining_time":1.448198391},
{"learn":[1.951113619],"iteration":332,"passed_time":0.7213735184,"remaining_time":1.444913324},
{"learn":[1.949466486],"iteration":333,"passed_time":0.7228724467,"remaining_time":1.441416316},
{"learn":[1.948438583],"iteration":334,"passed_time":0.7248782046,"remaining_time":1.438937332},
{"learn":[1.947598168],"iteration":335,"passed_time":0.7286748159,"remaining_time":1.440000231},
{"learn":[1.946943742],"iteration":336,"passed_time":0.7309903167,"remaining_time":1.438120415},
{"learn":[1.945490728],"iteration":337,"passed_time":0.7332374642,"remaining_time":1.436104146},
{"learn":[1.945024165],"iteration":338,"passed_time":0.7348587504,"remaining_time":1.432866177},
{"learn":[1.943818858],"iteration":339,"passed_time":0.7365763565,"remaining_time":1.429824692},
{"learn":[1.938797993],"iteration":340,"passed_time":0.7383373084,"remaining_time":1.42687474},
{"learn":[1.93719904],"iteration":341,"passed_time":0.7400454447,"remaining_time":1.423830125},
{"learn":[1.935143384],"iteration":342,"passed_time":0.7423794218,"remaining_time":1.42199207},
{"learn":[1.934525995],"iteration":343,"passed_time":0.7440902528,"remaining_time":1.418962808},
{"learn":[1.933944152],"iteration":344,"passed_time":0.745803367,"remaining_time":1.415945523},
{"learn":[1.93285885],"iteration":345,"passed_time":0.7486598835,"remaining_time":1.415097005},
{"learn":[1.931913356],"iteration":346,"passed_time":0.7504541769,"remaining_time":1.412237976},
{"learn":[1.931367615],"iteration":347,"passed_time":0.7518613555,"remaining_time":1.408659781},
{"learn":[1.930234415],"iteration":348,"passed_time":0.7533496386,"remaining_time":1.405245314},
{"learn":[1.929715507],"iteration":349,"passed_time":0.7547991758,"remaining_time":1.401769898},
{"learn":[1.929014939],"iteration":350,"passed_time":0.7562346664,"remaining_time":1.398280053},
{"learn":[1.927946653],"iteration":351,"passed_time":0.7576903252,"remaining_time":1.394839008},
{"learn":[1.923176727],"iteration":352,"passed_time":0.7594274918,"remaining_time":1.391925176},
{"learn":[1.922026042],"iteration":353,"passed_time":0.7616589821,"remaining_time":1.389920063},
{"learn":[1.92104774],"iteration":354,"passed_time":0.7632894725,"remaining_time":1.386821718},
{"learn":[1.920163096],"iteration":355,"passed_time":0.7649438417,"remaining_time":1.383774815},
{"learn":[1.919366563],"iteration":356,"passed_time":0.7664906941,"remaining_time":1.380542062},
{"learn":[1.918375927],"iteration":357,"passed_time":0.7678811827,"remaining_time":1.377038322},
{"learn":[1.916698005],"iteration":358,"passed_time":0.7693859536,"remaining_time":1.373750407},
{"learn":[1.915906168],"iteration":359,"passed_time":0.7707071935,"remaining_time":1.370146122},
{"learn":[1.914557215],"iteration":360,"passed_time":0.7720906249,"remaining_time":1.366664569},
{"learn":[1.914067572],"iteration":361,"passed_time":0.7735565214,"remaining_time":1.363339947},
{"learn":[1.913272844],"iteration":362,"passed_time":0.7749406795,"remaining_time":1.359882129},
{"learn":[1.912761906],"iteration":363,"passed_time":0.7762683266,"remaining_time":1.356336966},
{"learn":[1.911806584],"iteration":364,"passed_time":0.7786228378,"remaining_time":1.354590417},
{"learn":[1.910288359],"iteration":365,"passed_time":0.780650907,"remaining_time":1.352275068},
{"learn":[1.909824259],"iteration":366,"passed_time":0.7823446952,"remaining_time":1.349384719},
{"learn":[1.908818021],"iteration":367,"passed_time":0.7841593043,"remaining_time":1.34670837},
{"learn":[1.907802833],"iteration":368,"passed_time":0.7855616592,"remaining_time":1.343331726},
{"learn":[1.906494435],"iteration":369,"passed_time":0.7869965922,"remaining_time":1.340021225},
{"learn":[1.906056279],"iteration":370,"passed_time":0.7883508368,"remaining_time":1.336584033},
{"learn":[1.90485998],"iteration":371,"passed_time":0.7897538326,"remaining_time":1.333240341},
{"learn":[1.902907714],"iteration":372,"passed_time":0.7910518167,"remaining_time":1.329730534},
{"learn":[1.90249049],"iteration":373,"passed_time":0.7924574946,"remaining_time":1.326412812},
{"learn":[1.901612584],"iteration":374,"passed_time":0.7940994117,"remaining_time":1.32349902},
{"learn":[1.897353257],"iteration":375,"passed_time":0.7969975195,"remaining_time":1.322676734},
{"learn":[1.896291533],"iteration":376,"passed_time":0.7997563334,"remaining_time":1.321613251},
{"learn":[1.895325636],"iteration":377,"passed_time":0.8019287661,"remaining_time":1.319575906},
{"learn":[1.894503884],"iteration":378,"passed_time":0.8037474064,"remaining_time":1.316958151},
{"learn":[1.893776616],"iteration":379,"passed_time":0.8052315986,"remaining_time":1.313798924},
{"learn":[1.892155734],"iteration":380,"passed_time":0.8067294443,"remaining_time":1.310670672},
{"learn":[1.890758607],"iteration":381,"passed_time":0.8083839028,"remaining_time":1.307804324},
{"learn":[1.890292097],"iteration":382,"passed_time":0.8106839617,"remaining_time":1.305984346},
{"learn":[1.888555045],"iteration":383,"passed_time":0.812799516,"remaining_time":1.30386589},
{"learn":[1.887657722],"iteration":384,"passed_time":0.8149623173,"remaining_time":1.301822922},
{"learn":[1.886766662],"iteration":385,"passed_time":0.816596986,"remaining_time":1.298939247},
{"learn":[1.886099611],"iteration":386,"passed_time":0.8180373626,"remaining_time":1.295754272},
{"learn":[1.88489348],"iteration":387,"passed_time":0.8195150893,"remaining_time":1.292637203},
{"learn":[1.883104895],"iteration":388,"passed_time":0.8211893712,"remaining_time":1.28983729},
{"learn":[1.88250197],"iteration":389,"passed_time":0.8226679933,"remaining_time":1.286737118},
{"learn":[1.878554263],"iteration":390,"passed_time":0.8243282327,"remaining_time":1.283928117},
{"learn":[1.876911954],"iteration":391,"passed_time":0.8260153857,"remaining_time":1.281166721},
{"learn":[1.875364747],"iteration":392,"passed_time":0.8276585711,"remaining_time":1.278342882},
{"learn":[1.874439822],"iteration":393,"passed_time":0.8305220093,"remaining_time":1.277401872},
{"learn":[1.873902667],"iteration":394,"passed_time":0.8324519502,"remaining_time":1.275021342},
{"learn":[1.872615039],"iteration":395,"passed_time":0.8340410683,"remaining_time":1.272123246},
{"learn":[1.872058058],"iteration":396,"passed_time":0.8356655812,"remaining_time":1.269285505},
{"learn":[1.871565171],"iteration":397,"passed_time":0.8373254185,"remaining_time":1.266507291},
{"learn":[1.87083147],"iteration":398,"passed_time":0.8388376044,"remaining_time":1.263512281},
{"learn":[1.869632379],"iteration":399,"passed_time":0.8403289596,"remaining_time":1.260493439},
{"learn":[1.868183861],"iteration":400,"passed_time":0.841847236,"remaining_time":1.25752243},
{"learn":[1.867509616],"iteration":401,"passed_time":0.8433714529,"remaining_time":1.254567485},
{"learn":[1.866144937],"iteration":402,"passed_time":0.8448672529,"remaining_time":1.251577543},
{"learn":[1.865363086],"iteration":403,"passed_time":0.8463186125,"remaining_time":1.248529438},
{"learn":[1.864672437],"iteration":404,"passed_time":0.8480077495,"remaining_time":1.245838546},
{"learn":[1.863940094],"iteration":405,"passed_time":0.8497075865,"remaining_time":1.243168242},
{"learn":[1.863357446],"iteration":406,"passed_time":0.8514019141,"remaining_time":1.240494681},
{"learn":[1.863000193],"iteration":407,"passed_time":0.8529159395,"remaining_time":1.237564304},
{"learn":[1.861888183],"iteration":408,"passed_time":0.8545741446,"remaining_time":1.234849192},
{"learn":[1.861403877],"iteration":409,"passed_time":0.8563135627,"remaining_time":1.232256102},
{"learn":[1.86071512],"iteration":410,"passed_time":0.8580323377,"remaining_time":1.229637584},
{"learn":[1.859487071],"iteration":411,"passed_time":0.8594846519,"remaining_time":1.226643144},
{"learn":[1.859227226],"iteration":412,"passed_time":0.8609299059,"remaining_time":1.223646137},
{"learn":[1.858043237],"iteration":413,"passed_time":0.862515048,"remaining_time":1.220854633},
{"learn":[1.856817009],"iteration":414,"passed_time":0.8642198883,"remaining_time":1.218237674},
{"learn":[1.855913534],"iteration":415,"passed_time":0.8665101221,"remaining_time":1.216446902},
{"learn":[1.854046141],"iteration":416,"passed_time":0.8685783677,"remaining_time":1.214343377},
{"learn":[1.850785976],"iteration":417,"passed_time":0.8702387164,"remaining_time":1.211672088},
{"learn":[1.849916677],"iteration":418,"passed_time":0.8720469133,"remaining_time":1.209210636},
{"learn":[1.848756403],"iteration":419,"passed_time":0.8735784413,"remaining_time":1.206370229},
{"learn":[1.847704693],"iteration":420,"passed_time":0.8749303125,"remaining_time":1.203288957},
{"learn":[1.846713026],"iteration":421,"passed_time":0.8764588211,"remaining_time":1.200457817},
{"learn":[1.845729592],"iteration":422,"passed_time":0.8778708375,"remaining_time":1.197473932},
{"learn":[1.84504455],"iteration":423,"passed_time":0.8792037851,"remaining_time":1.194390048},
{"learn":[1.844516886],"iteration":424,"passed_time":0.8806187672,"remaining_time":1.191425391},
{"learn":[1.843728713],"iteration":425,"passed_time":0.882095178,"remaining_time":1.18855078},
{"learn":[1.843096653],"iteration":426,"passed_time":0.883759037,"remaining_time":1.185934258},
{"learn":[1.842357121],"iteration":427,"passed_time":0.8855430129,"remaining_time":1.183482718},
{"learn":[1.841156442],"iteration":428,"passed_time":0.8872372381,"remaining_time":1.180914832},
{"learn":[1.84078269],"iteration":429,"passed_time":0.8887921861,"remaining_time":1.178166386},
{"learn":[1.839719671],"iteration":430,"passed_time":0.8904956287,"remaining_time":1.175619519},
{"learn":[1.839100808],"iteration":431,"passed_time":0.892301274,"remaining_time":1.173210934},
{"learn":[1.838447764],"iteration":432,"passed_time":0.8944441495,"remaining_time":1.171246727},
{"learn":[1.837337068],"iteration":433,"passed_time":0.896219943,"remaining_time":1.168802967},
{"learn":[1.83656469],"iteration":434,"passed_time":0.8977875142,"remaining_time":1.166091829},
{"learn":[1.83587891],"iteration":435,"passed_time":0.8995610737,"remaining_time":1.163652398},
{"learn":[1.835286917],"iteration":436,"passed_time":0.9021161969,"remaining_time":1.162222926},
{"learn":[1.834859099],"iteration":437,"passed_time":0.904344962,"remaining_time":1.160369563},
{"learn":[1.834503401],"iteration":438,"passed_time":0.9061062632,"remaining_time":1.157917115},
{"learn":[1.833656707],"iteration":439,"passed_time":0.9086650462,"remaining_time":1.156482786},
{"learn":[1.832680478],"iteration":440,"passed_time":0.9110339558,"remaining_time":1.154802679},
{"learn":[1.832088208],"iteration":441,"passed_time":0.9134826364,"remaining_time":1.153220161},
{"learn":[1.831396357],"iteration":442,"passed_time":0.9154229179,"remaining_time":1.150994504},
{"learn":[1.830713986],"iteration":443,"passed_time":0.9171301518,"remaining_time":1.148478298},
{"learn":[1.830297248],"iteration":444,"passed_time":0.9186809692,"remaining_time":1.145770647},
{"learn":[1.829626791],"iteration":445,"passed_time":0.920450502,"remaining_time":1.143339861},
{"learn":[1.828351167],"iteration":446,"passed_time":0.9221614454,"remaining_time":1.140839551},
{"learn":[1.828009694],"iteration":447,"passed_time":0.923757319,"remaining_time":1.138200982},
{"learn":[1.82699678],"iteration":448,"passed_time":0.9253334712,"remaining_time":1.135542857},
{"learn":[1.826184451],"iteration":449,"passed_time":0.9270441712,"remaining_time":1.133053987},
{"learn":[1.825615071],"iteration":450,"passed_time":0.9288001448,"remaining_time":1.13062368},
{"learn":[1.82465246],"iteration":451,"passed_time":0.9304951178,"remaining_time":1.1281224},
{"learn":[1.824005683],"iteration":452,"passed_time":0.9319719145,"remaining_time":1.12536123},
{"learn":[1.823049809],"iteration":453,"passed_time":0.9335176126,"remaining_time":1.122688583},
{"learn":[1.822596555],"iteration":454,"passed_time":0.9353571163,"remaining_time":1.12037281},
{"learn":[1.82224952],"iteration":455,"passed_time":0.9378182428,"remaining_time":1.118800711},
{"learn":[1.821417972],"iteration":456,"passed_time":0.9407746855,"remaining_time":1.117813248},
{"learn":[1.820564015],"iteration":457,"passed_time":0.943136829,"remaining_time":1.116113889},
{"learn":[1.819444627],"iteration":458,"passed_time":0.9448061045,"remaining_time":1.113594995},
{"learn":[1.81883881],"iteration":459,"passed_time":0.946645694,"remaining_time":1.111279728},
{"learn":[1.81811968],"iteration":460,"passed_time":0.948424659,"remaining_time":1.108895642},
{"learn":[1.817062781],"iteration":461,"passed_time":0.9502526055,"remaining_time":1.106571216},
{"learn":[1.816208344],"iteration":462,"passed_time":0.9516683284,"remaining_time":1.103770826},
{"learn":[1.815048865],"iteration":463,"passed_time":0.9531746632,"remaining_time":1.101081076},
{"learn":[1.814683785],"iteration":464,"passed_time":0.9546945708,"remaining_time":1.098412033},
{"learn":[1.812811755],"iteration":465,"passed_time":0.958033433,"remaining_time":1.097832303},
{"learn":[1.812190134],"iteration":466,"passed_time":0.9601475769,"remaining_time":1.095842952},
{"learn":[1.811421303],"iteration":467,"passed_time":0.9618453561,"remaining_time":1.093379764},
{"learn":[1.810986555],"iteration":468,"passed_time":0.964264766,"remaining_time":1.091736867},
{"learn":[1.810434262],"iteration":469,"passed_time":0.9658295557,"remaining_time":1.089126946},
{"learn":[1.810063493],"iteration":470,"passed_time":0.9674371391,"remaining_time":1.086569526},
{"learn":[1.809566817],"iteration":471,"passed_time":0.9689748811,"remaining_time":1.083938003},
{"learn":[1.807022501],"iteration":472,"passed_time":0.970509975,"remaining_time":1.081308154},
{"learn":[1.805679691],"iteration":473,"passed_time":0.9718780228,"remaining_time":1.078497553},
{"learn":[1.805114375],"iteration":474,"passed_time":0.9758527411,"remaining_time":1.078574082},
{"learn":[1.804114565],"iteration":475,"passed_time":0.9779983248,"remaining_time":1.076620005},
{"learn":[1.803076245],"iteration":476,"passed_time":0.9795130729,"remaining_time":1.073973453},
{"learn":[1.802423784],"iteration":477,"passed_time":0.9810610872,"remaining_time":1.071367966},
{"learn":[1.801664579],"iteration":478,"passed_time":0.9825699937,"remaining_time":1.068724356},
{"learn":[1.80116163],"iteration":479,"passed_time":0.9841597784,"remaining_time":1.066173093},
{"learn":[1.800650645],"iteration":480,"passed_time":0.9857639217,"remaining_time":1.063641321},
{"learn":[1.79993494],"iteration":481,"passed_time":0.9873168928,"remaining_time":1.061058403},
{"learn":[1.799213172],"iteration":482,"passed_time":0.9892262263,"remaining_time":1.058861199},
{"learn":[1.798991765],"iteration":483,"passed_time":0.9919595419,"remaining_time":1.057543644},
{"learn":[1.798646178],"iteration":484,"passed_time":0.9938728705,"remaining_time":1.055349543},
{"learn":[1.797876028],"iteration":485,"passed_time":0.9957742892,"remaining_time":1.053144001},
{"learn":[1.794038324],"iteration":486,"passed_time":0.9976235804,"remaining_time":1.050884798},
{"learn":[1.79328245],"iteration":487,"passed_time":0.9993788724,"remaining_time":1.048528653},
{"learn":[1.79239146],"iteration":488,"passed_time":1.00104928,"remaining_time":1.046086262},
{"learn":[1.791701954],"iteration":489,"passed_time":1.002477853,"remaining_time":1.043395316},
{"learn":[1.790576876],"iteration":490,"passed_time":1.005686701,"remaining_time":1.042555053},
{"learn":[1.789525137],"iteration":491,"passed_time":1.007576506,"remaining_time":1.040343222},
{"learn":[1.788544053],"iteration":492,"passed_time":1.009579755,"remaining_time":1.038249363},
{"learn":[1.788198974],"iteration":493,"passed_time":1.011251744,"remaining_time":1.035816564},
{"learn":[1.787510731],"iteration":494,"passed_time":1.012678724,"remaining_time":1.03313688},
{"learn":[1.786896879],"iteration":495,"passed_time":1.014650465,"remaining_time":1.031015795},
{"learn":[1.786504421],"iteration":496,"passed_time":1.016142686,"remaining_time":1.028410002},
{"learn":[1.785904812],"iteration":497,"passed_time":1.017586046,"remaining_time":1.025759428},
{"learn":[1.785536295],"iteration":498,"passed_time":1.018860818,"remaining_time":1.022944429},
{"learn":[1.784983129],"iteration":499,"passed_time":1.020302152,"remaining_time":1.020302152},
{"learn":[1.78467366],"iteration":500,"passed_time":1.021697309,"remaining_time":1.017618677},
{"learn":[1.783532327],"iteration":501,"passed_time":1.023149495,"remaining_time":1.014996909},
{"learn":[1.783070481],"iteration":502,"passed_time":1.024569154,"remaining_time":1.012347653},
{"learn":[1.780773527],"iteration":503,"passed_time":1.026021778,"remaining_time":1.009735718},
{"learn":[1.779868628],"iteration":504,"passed_time":1.027774564,"remaining_time":1.007422593},
{"learn":[1.778205606],"iteration":505,"passed_time":1.029440114,"remaining_time":1.005026514},
{"learn":[1.77664714],"iteration":506,"passed_time":1.031095541,"remaining_time":1.002623475},
{"learn":[1.77496864],"iteration":507,"passed_time":1.032602328,"remaining_time":1.00007942},
{"learn":[1.774248356],"iteration":508,"passed_time":1.034098443,"remaining_time":0.9975291468},
{"learn":[1.773743549],"iteration":509,"passed_time":1.035445652,"remaining_time":0.9948399401},
{"learn":[1.773084529],"iteration":510,"passed_time":1.03690403,"remaining_time":0.9922623692},
{"learn":[1.772210842],"iteration":511,"passed_time":1.038271812,"remaining_time":0.9896028211},
{"learn":[1.771863214],"iteration":512,"passed_time":1.039787497,"remaining_time":0.9870887154},
{"learn":[1.771281138],"iteration":513,"passed_time":1.041192743,"remaining_time":0.984474072},
{"learn":[1.770271317],"iteration":514,"passed_time":1.042668264,"remaining_time":0.981930307},
{"learn":[1.769598604],"iteration":515,"passed_time":1.044428614,"remaining_time":0.979657847},
{"learn":[1.769071911],"iteration":516,"passed_time":1.046548548,"remaining_time":0.9777233046},
{"learn":[1.768564112],"iteration":517,"passed_time":1.048063389,"remaining_time":0.9752250068},
{"learn":[1.768317564],"iteration":518,"passed_time":1.049528928,"remaining_time":0.9726848063},
{"learn":[1.767737183],"iteration":519,"passed_time":1.051012839,"remaining_time":0.9701656978},
{"learn":[1.767074724],"iteration":520,"passed_time":1.052482656,"remaining_time":0.9676376046},
{"learn":[1.766550562],"iteration":521,"passed_time":1.053904848,"remaining_time":0.9650699565},
{"learn":[1.766137295],"iteration":522,"passed_time":1.055348901,"remaining_time":0.9625266271},
{"learn":[1.765491185],"iteration":523,"passed_time":1.056783749,"remaining_time":0.9599791308},
{"learn":[1.764852378],"iteration":524,"passed_time":1.058048402,"remaining_time":0.9572818872},
{"learn":[1.764099552],"iteration":525,"passed_time":1.059501941,"remaining_time":0.9547603042},
{"learn":[1.763322988],"iteration":526,"passed_time":1.060932919,"remaining_time":0.9522225246},
{"learn":[1.762413524],"iteration":527,"passed_time":1.062597402,"remaining_time":0.9498976775},
{"learn":[1.761529794],"iteration":528,"passed_time":1.064583415,"remaining_time":0.9478616041},
{"learn":[1.76081626],"iteration":529,"passed_time":1.066024681,"remaining_time":0.9453426418},
{"learn":[1.757953696],"iteration":530,"passed_time":1.067372973,"remaining_time":0.94274562},
{"learn":[1.757436074],"iteration":531,"passed_time":1.068811716,"remaining_time":0.9402328626},
{"learn":[1.756932772],"iteration":532,"passed_time":1.070216022,"remaining_time":0.9376939634},
{"learn":[1.756177931],"iteration":533,"passed_time":1.071559788,"remaining_time":0.9351064816},
{"learn":[1.755859211],"iteration":534,"passed_time":1.073039747,"remaining_time":0.9326420227},
{"learn":[1.754985625],"iteration":535,"passed_time":1.074392606,"remaining_time":0.9300712116},
{"learn":[1.754288401],"iteration":536,"passed_time":1.075761514,"remaining_time":0.9275187723},
{"learn":[1.752878228],"iteration":537,"passed_time":1.077136167,"remaining_time":0.9249756678},
{"learn":[1.752080715],"iteration":538,"passed_time":1.078645164,"remaining_time":0.9225518008},
{"learn":[1.751718503],"iteration":539,"passed_time":1.080228285,"remaining_time":0.9201944646},
{"learn":[1.75080389],"iteration":540,"passed_time":1.081842767,"remaining_time":0.917866599},
{"learn":[1.750465968],"iteration":541,"passed_time":1.083315044,"remaining_time":0.9154211992},
{"learn":[1.750101642],"iteration":542,"passed_time":1.084873765,"remaining_time":0.9130521377},
{"learn":[1.749611211],"iteration":543,"passed_time":1.086489061,"remaining_time":0.9107334775},
{"learn":[1.74883593],"iteration":544,"passed_time":1.087905826,"remaining_time":0.9082516531},
{"learn":[1.748463046],"iteration":545,"passed_time":1.089225203,"remaining_time":0.9056927509},
{"learn":[1.748122012],"iteration":546,"passed_time":1.090701899,"remaining_time":0.9032686662},
{"learn":[1.747551016],"iteration":547,"passed_time":1.093150937,"remaining_time":0.9016500427},
{"learn":[1.747220707],"iteration":548,"passed_time":1.094671151,"remaining_time":0.8992653714},
{"learn":[1.746145476],"iteration":549,"passed_time":1.096262479,"remaining_time":0.8969420282},
{"learn":[1.745505381],"iteration":550,"passed_time":1.098202918,"remaining_time":0.8949058257},
{"learn":[1.744580186],"iteration":551,"passed_time":1.099674214,"remaining_time":0.8924892175},
{"learn":[1.744411872],"iteration":552,"passed_time":1.101116392,"remaining_time":0.8900524907},
{"learn":[1.743865878],"iteration":553,"passed_time":1.102953538,"remaining_time":0.8879373249},
{"learn":[1.742434478],"iteration":554,"passed_time":1.104429552,"remaining_time":0.8855336047},
{"learn":[1.742036749],"iteration":555,"passed_time":1.105840051,"remaining_time":0.8830809041},
{"learn":[1.74106558],"iteration":556,"passed_time":1.107571401,"remaining_time":0.8808871287},
{"learn":[1.740749549],"iteration":557,"passed_time":1.108920322,"remaining_time":0.8783920827},
{"learn":[1.740025599],"iteration":558,"passed_time":1.111132646,"remaining_time":0.8765822839},
{"learn":[1.738680443],"iteration":559,"passed_time":1.112663247,"remaining_time":0.8742354084},
{"learn":[1.738013577],"iteration":560,"passed_time":1.114018479,"remaining_time":0.8717542111},
{"learn":[1.737418686],"iteration":561,"passed_time":1.115654025,"remaining_time":0.8694954856},
{"learn":[1.737156201],"iteration":562,"passed_time":1.117281403,"remaining_time":0.8672326344},
{"learn":[1.736244395],"iteration":563,"passed_time":1.118783147,"remaining_time":0.8648749151},
{"learn":[1.735694283],"iteration":564,"passed_time":1.12045616,"remaining_time":0.8626520879},
{"learn":[1.735414311],"iteration":565,"passed_time":1.122010105,"remaining_time":0.8603399037},
{"learn":[1.734863113],"iteration":566,"passed_time":1.123920764,"remaining_time":0.858302806},
{"learn":[1.733783113],"iteration":567,"passed_time":1.125425716,"remaining_time":0.8559575872},
{"learn":[1.733319926],"iteration":568,"passed_time":1.126987826,"remaining_time":0.8536586169},
{"learn":[1.733133108],"iteration":569,"passed_time":1.128315673,"remaining_time":0.851185508},
{"learn":[1.732836561],"iteration":570,"passed_time":1.129927563,"remaining_time":0.8489298149},
{"learn":[1.732179241],"iteration":571,"passed_time":1.131362397,"remaining_time":0.8465438912},
{"learn":[1.730837515],"iteration":572,"passed_time":1.132818606,"remaining_time":0.8441772157},
{"learn":[1.729522762],"iteration":573,"passed_time":1.13452508,"remaining_time":0.8419994493},
{"learn":[1.728747982],"iteration":574,"passed_time":1.13631494,"remaining_time":0.8398849555},
{"learn":[1.728434214],"iteration":575,"passed_time":1.137910835,"remaining_time":0.8376288091},
{"learn":[1.727204943],"iteration":576,"passed_time":1.139563428,"remaining_time":0.8354165168},
{"learn":[1.72637484],"iteration":577,"passed_time":1.141154516,"remaining_time":0.8331612556},
{"learn":[1.725836387],"iteration":578,"passed_time":1.14338541,"remaining_time":0.8313735016},
{"learn":[1.723488833],"iteration":579,"passed_time":1.14485536,"remaining_time":0.829033192},
{"learn":[1.723030125],"iteration":580,"passed_time":1.146181376,"remaining_time":0.8265920769},
{"learn":[1.721598275],"iteration":581,"passed_time":1.147700794,"remaining_time":0.8242936975},
{"learn":[1.719485698],"iteration":582,"passed_time":1.149014876,"remaining_time":0.8218511205},
{"learn":[1.719095426],"iteration":583,"passed_time":1.150489902,"remaining_time":0.8195270538},
{"learn":[1.718819839],"iteration":584,"passed_time":1.15332778,"remaining_time":0.8181726983},
{"learn":[1.717541109],"iteration":585,"passed_time":1.15545532,"remaining_time":0.8163114374},
{"learn":[1.717165125],"iteration":586,"passed_time":1.157391463,"remaining_time":0.8143146072},
{"learn":[1.714448157],"iteration":587,"passed_time":1.159031369,"remaining_time":0.8121104147},
{"learn":[1.713314322],"iteration":588,"passed_time":1.160655204,"remaining_time":0.8098969249},
{"learn":[1.712704952],"iteration":589,"passed_time":1.162074339,"remaining_time":0.8075431848},
{"learn":[1.712377493],"iteration":590,"passed_time":1.163762929,"remaining_time":0.8053790825},
{"learn":[1.71023484],"iteration":591,"passed_time":1.165277333,"remaining_time":0.8030965406},
{"learn":[1.705614813],"iteration":592,"passed_time":1.166722009,"remaining_time":0.8007687311},
{"learn":[1.704776587],"iteration":593,"passed_time":1.168027761,"remaining_time":0.7983489407},
{"learn":[1.703569945],"iteration":594,"passed_time":1.169955784,"remaining_time":0.7963564582},
{"learn":[1.702296416],"iteration":595,"passed_time":1.172192363,"remaining_time":0.794573347},
{"learn":[1.702020321],"iteration":596,"passed_time":1.173654511,"remaining_time":0.792265943},
{"learn":[1.700226228],"iteration":597,"passed_time":1.17531015,"remaining_time":0.7900914387},
{"learn":[1.699741167],"iteration":598,"passed_time":1.177248569,"remaining_time":0.7881079733},
{"learn":[1.699448769],"iteration":599,"passed_time":1.17887185,"remaining_time":0.7859145669},
{"learn":[1.697830741],"iteration":600,"passed_time":1.180138688,"remaining_time":0.7834864169},
{"learn":[1.697067979],"iteration":601,"passed_time":1.181599445,"remaining_time":0.7811903306},
{"learn":[1.695183348],"iteration":602,"passed_time":1.183198761,"remaining_time":0.7789882389},
{"learn":[1.694994075],"iteration":603,"passed_time":1.184702732,"remaining_time":0.7767256324},
{"learn":[1.694720808],"iteration":604,"passed_time":1.186184254,"remaining_time":0.7744508764},
{"learn":[1.694235666],"iteration":605,"passed_time":1.188259882,"remaining_time":0.7725650056},
{"learn":[1.692963723],"iteration":606,"passed_time":1.190010779,"remaining_time":0.7704682639},
{"learn":[1.692058147],"iteration":607,"passed_time":1.191532347,"remaining_time":0.768224803},
{"learn":[1.691207709],"iteration":608,"passed_time":1.193162494,"remaining_time":0.7660534239},
{"learn":[1.690791161],"iteration":609,"passed_time":1.194472956,"remaining_time":0.7636794307},
{"learn":[1.690105931],"iteration":610,"passed_time":1.195893392,"remaining_time":0.7613789353},
{"learn":[1.689851366],"iteration":611,"passed_time":1.197281322,"remaining_time":0.7590607073},
{"learn":[1.689577321],"iteration":612,"passed_time":1.198740133,"remaining_time":0.7567902635},
{"learn":[1.688871039],"iteration":613,"passed_time":1.201095532,"remaining_time":0.755086116},
{"learn":[1.688347345],"iteration":614,"passed_time":1.202894927,"remaining_time":0.7530317838},
{"learn":[1.686074864],"iteration":615,"passed_time":1.204599803,"remaining_time":0.7509193579},
{"learn":[1.685629155],"iteration":616,"passed_time":1.206535216,"remaining_time":0.748951358},
{"learn":[1.684353101],"iteration":617,"passed_time":1.208383264,"remaining_time":0.7469294612},
{"learn":[1.683817097],"iteration":618,"passed_time":1.210118169,"remaining_time":0.7448384855},
{"learn":[1.683048305],"iteration":619,"passed_time":1.211817328,"remaining_time":0.7427267496},
{"learn":[1.682736461],"iteration":620,"passed_time":1.213314397,"remaining_time":0.7404930056},
{"learn":[1.682120926],"iteration":621,"passed_time":1.214937512,"remaining_time":0.7383382305},
{"learn":[1.681775872],"iteration":622,"passed_time":1.21654567,"remaining_time":0.7361761115},
{"learn":[1.681108655],"iteration":623,"passed_time":1.21801772,"remaining_time":0.7339337546},
{"learn":[1.680700678],"iteration":624,"passed_time":1.219478405,"remaining_time":0.7316870428},
{"learn":[1.679578132],"iteration":625,"passed_time":1.220965122,"remaining_time":0.7294583955},
{"learn":[1.678580761],"iteration":626,"passed_time":1.22293235,"remaining_time":0.7275179691},
{"learn":[1.677213411],"iteration":627,"passed_time":1.225079946,"remaining_time":0.7256842993},
{"learn":[1.675250433],"iteration":628,"passed_time":1.22679166,"remaining_time":0.7235925374},
{"learn":[1.674232021],"iteration":629,"passed_time":1.228608281,"remaining_time":0.7215635937},
{"learn":[1.673679133],"iteration":630,"passed_time":1.230128415,"remaining_time":0.7193619414},
{"learn":[1.67332075],"iteration":631,"passed_time":1.231669511,"remaining_time":0.7171746518},
{"learn":[1.672713502],"iteration":632,"passed_time":1.233021279,"remaining_time":0.7148796354},
{"learn":[1.670565801],"iteration":633,"passed_time":1.234460084,"remaining_time":0.7126378401},
{"learn":[1.669834422],"iteration":634,"passed_time":1.235903214,"remaining_time":0.7104010598},
{"learn":[1.669056951],"iteration":635,"passed_time":1.2374057,"remaining_time":0.7082007465},
{"learn":[1.667013707],"iteration":636,"passed_time":1.239638745,"remaining_time":0.7064189392},
{"learn":[1.666524964],"iteration":637,"passed_time":1.241696202,"remaining_time":0.7045360898},
{"learn":[1.665740671],"iteration":638,"passed_time":1.243426394,"remaining_time":0.7024678061},
{"learn":[1.664994111],"iteration":639,"passed_time":1.245340985,"remaining_time":0.7005043043},
{"learn":[1.664377919],"iteration":640,"passed_time":1.246824998,"remaining_time":0.6982998041},
{"learn":[1.664020756],"iteration":641,"passed_time":1.248296681,"remaining_time":0.6960906725},
{"learn":[1.663583322],"iteration":642,"passed_time":1.249706518,"remaining_time":0.6938494978},
{"learn":[1.663222189],"iteration":643,"passed_time":1.250998386,"remaining_time":0.6915456919},
{"learn":[1.661393949],"iteration":644,"passed_time":1.252457195,"remaining_time":0.6893369058},
{"learn":[1.66072172],"iteration":645,"passed_time":1.254099267,"remaining_time":0.6872308678},
{"learn":[1.65957577],"iteration":646,"passed_time":1.255588727,"remaining_time":0.6850429994},
{"learn":[1.65921922],"iteration":647,"passed_time":1.257267144,"remaining_time":0.6829599303},
{"learn":[1.65872416],"iteration":648,"passed_time":1.2601955,"remaining_time":0.681554115},
{"learn":[1.656758839],"iteration":649,"passed_time":1.262184125,"remaining_time":0.6796376055},
{"learn":[1.656497477],"iteration":650,"passed_time":1.264036259,"remaining_time":0.6776477026},
{"learn":[1.655948194],"iteration":651,"passed_time":1.265768538,"remaining_time":0.6755942501},
{"learn":[1.655632907],"iteration":652,"passed_time":1.267315283,"remaining_time":0.6734431902},
{"learn":[1.655147666],"iteration":653,"passed_time":1.268862381,"remaining_time":0.6712941651},
{"learn":[1.654479387],"iteration":654,"passed_time":1.270446578,"remaining_time":0.6691665181},
{"learn":[1.653731479],"iteration":655,"passed_time":1.271986344,"remaining_time":0.6670172289},
{"learn":[1.653265831],"iteration":656,"passed_time":1.273421277,"remaining_time":0.6648150655},
{"learn":[1.650764834],"iteration":657,"passed_time":1.274971716,"remaining_time":0.662675269},
{"learn":[1.650187704],"iteration":658,"passed_time":1.277570334,"remaining_time":0.6610796415},
{"learn":[1.649525211],"iteration":659,"passed_time":1.27956204,"remaining_time":0.6591683238},
{"learn":[1.649377451],"iteration":660,"passed_time":1.281780398,"remaining_time":0.657373003},
{"learn":[1.648796721],"iteration":661,"passed_time":1.283586904,"remaining_time":0.655366123},
{"learn":[1.648263621],"iteration":662,"passed_time":1.285024921,"remaining_time":0.6531725467},
{"learn":[1.647828837],"iteration":663,"passed_time":1.286545881,"remaining_time":0.6510232171},
{"learn":[1.646106262],"iteration":664,"passed_time":1.288108357,"remaining_time":0.648896691},
{"learn":[1.645641119],"iteration":665,"passed_time":1.289439532,"remaining_time":0.6466558612},
{"learn":[1.64507688],"iteration":666,"passed_time":1.29095558,"remaining_time":0.644510057},
{"learn":[1.64436903],"iteration":667,"passed_time":1.292645063,"remaining_time":0.6424523365},
{"learn":[1.644102631],"iteration":668,"passed_time":1.295280493,"remaining_time":0.6408637415},
{"learn":[1.643383704],"iteration":669,"passed_time":1.29756837,"remaining_time":0.639100839},
{"learn":[1.642740624],"iteration":670,"passed_time":1.299971367,"remaining_time":0.6373928163},
{"learn":[1.641816316],"iteration":671,"passed_time":1.301606039,"remaining_time":0.6353077096},
{"learn":[1.641252024],"iteration":672,"passed_time":1.303287661,"remaining_time":0.6332467538},
{"learn":[1.640581819],"iteration":673,"passed_time":1.304839482,"remaining_time":0.6311241409},
{"learn":[1.639943645],"iteration":674,"passed_time":1.306204619,"remaining_time":0.6289133353},
{"learn":[1.639557691],"iteration":675,"passed_time":1.307672246,"remaining_time":0.6267541536},
{"learn":[1.638641188],"iteration":676,"passed_time":1.309220897,"remaining_time":0.6246356717},
{"learn":[1.638324723],"iteration":677,"passed_time":1.31088298,"remaining_time":0.6225727427},
{"learn":[1.638112998],"iteration":678,"passed_time":1.313195976,"remaining_time":0.6208187163},
{"learn":[1.637541245],"iteration":679,"passed_time":1.314776563,"remaining_time":0.6187183824},
{"learn":[1.636892794],"iteration":680,"passed_time":1.316642048,"remaining_time":0.6167530298},
{"learn":[1.636350557],"iteration":681,"passed_time":1.318006747,"remaining_time":0.6145544654},
{"learn":[1.635704331],"iteration":682,"passed_time":1.319535856,"remaining_time":0.6124346506},
{"learn":[1.635064337],"iteration":683,"passed_time":1.320975348,"remaining_time":0.6102751606},
{"learn":[1.634714202],"iteration":684,"passed_time":1.322761852,"remaining_time":0.6082773478},
{"learn":[1.634067895],"iteration":685,"passed_time":1.324157539,"remaining_time":0.6061012644},
{"learn":[1.633677092],"iteration":686,"passed_time":1.32569018,"remaining_time":0.6039898489},
{"learn":[1.633012986],"iteration":687,"passed_time":1.327177558,"remaining_time":0.6018595901},
{"learn":[1.632777244],"iteration":688,"passed_time":1.32895274,"remaining_time":0.5998611061},
{"learn":[1.632480837],"iteration":689,"passed_time":1.330786615,"remaining_time":0.5978896385},
{"learn":[1.632073365],"iteration":690,"passed_time":1.332352227,"remaining_time":0.5957986081},
{"learn":[1.631697718],"iteration":691,"passed_time":1.333774249,"remaining_time":0.5936451861},
{"learn":[1.63087819],"iteration":692,"passed_time":1.335270709,"remaining_time":0.591526851},
{"learn":[1.630580439],"iteration":693,"passed_time":1.337275973,"remaining_time":0.5896346509},
{"learn":[1.630299802],"iteration":694,"passed_time":1.33858523,"remaining_time":0.5874366837},
{"learn":[1.627969601],"iteration":695,"passed_time":1.340051292,"remaining_time":0.5853097598},
{"learn":[1.627662527],"iteration":696,"passed_time":1.34135812,"remaining_time":0.5831155096},
{"learn":[1.626652143],"iteration":697,"passed_time":1.342799836,"remaining_time":0.5809821639},
{"learn":[1.626205514],"iteration":698,"passed_time":1.344176547,"remaining_time":0.578822805},
{"learn":[1.625677976],"iteration":699,"passed_time":1.345703392,"remaining_time":0.5767300254},
{"learn":[1.625229181],"iteration":700,"passed_time":1.347553702,"remaining_time":0.5747768287},
{"learn":[1.624981224],"iteration":701,"passed_time":1.349232054,"remaining_time":0.5727509288},
{"learn":[1.624777538],"iteration":702,"passed_time":1.350833685,"remaining_time":0.5706936051},
{"learn":[1.624105215],"iteration":703,"passed_time":1.352278275,"remaining_time":0.5685715475},
{"learn":[1.623397348],"iteration":704,"passed_time":1.353816455,"remaining_time":0.5664905733},
{"learn":[1.623138068],"iteration":705,"passed_time":1.355330931,"remaining_time":0.564401266},
{"learn":[1.622629269],"iteration":706,"passed_time":1.356904328,"remaining_time":0.5623380028},
{"learn":[1.62197581],"iteration":707,"passed_time":1.358316697,"remaining_time":0.5602097113},
{"learn":[1.621487664],"iteration":708,"passed_time":1.359796228,"remaining_time":0.5581110049},
{"learn":[1.621268281],"iteration":709,"passed_time":1.361380762,"remaining_time":0.556056931},
{"learn":[1.620613999],"iteration":710,"passed_time":1.363080356,"remaining_time":0.5540509465},
{"learn":[1.620413589],"iteration":711,"passed_time":1.365201523,"remaining_time":0.5522163462},
{"learn":[1.619076028],"iteration":712,"passed_time":1.366918684,"remaining_time":0.5502183202},
{"learn":[1.618982817],"iteration":713,"passed_time":1.368744954,"remaining_time":0.5482647856},
{"learn":[1.617836207],"iteration":714,"passed_time":1.370378385,"remaining_time":0.5462347408},
{"learn":[1.617680347],"iteration":715,"passed_time":1.371973225,"remaining_time":0.5441904971},
{"learn":[1.617146791],"iteration":716,"passed_time":1.373796486,"remaining_time":0.5422376648},
{"learn":[1.616003995],"iteration":717,"passed_time":1.375214581,"remaining_time":0.540126061},
{"learn":[1.61529472],"iteration":718,"passed_time":1.376589567,"remaining_time":0.5379995386},
{"learn":[1.613034444],"iteration":719,"passed_time":1.377964404,"remaining_time":0.5358750461},
{"learn":[1.611296695],"iteration":720,"passed_time":1.379295633,"remaining_time":0.5337357583},
{"learn":[1.610665151],"iteration":721,"passed_time":1.380630004,"remaining_time":0.5315999184},
{"learn":[1.61045945],"iteration":722,"passed_time":1.38253829,"remaining_time":0.5296861775},
{"learn":[1.609801215],"iteration":723,"passed_time":1.384009694,"remaining_time":0.5276059056},
{"learn":[1.609359677],"iteration":724,"passed_time":1.385369045,"remaining_time":0.5254848101},
{"learn":[1.609094469],"iteration":725,"passed_time":1.386743572,"remaining_time":0.5233715411},
{"learn":[1.608648195],"iteration":726,"passed_time":1.388078022,"remaining_time":0.5212452544},
{"learn":[1.607985056],"iteration":727,"passed_time":1.389370873,"remaining_time":0.5191056011},
{"learn":[1.607670205],"iteration":728,"passed_time":1.39094228,"remaining_time":0.5170718214},
{"learn":[1.607042492],"iteration":729,"passed_time":1.392909404,"remaining_time":0.51518567},
{"learn":[1.606474493],"iteration":730,"passed_time":1.394327999,"remaining_time":0.5130974441},
{"learn":[1.606297955],"iteration":731,"passed_time":1.395629023,"remaining_time":0.5109680029},
{"learn":[1.606066414],"iteration":732,"passed_time":1.396981621,"remaining_time":0.5088596081},
{"learn":[1.605623778],"iteration":733,"passed_time":1.39829004,"remaining_time":0.5067372625},
{"learn":[1.604559085],"iteration":734,"passed_time":1.39991895,"remaining_time":0.5047326825},
{"learn":[1.603923557],"iteration":735,"passed_time":1.401947623,"remaining_time":0.502872517},
{"learn":[1.603103366],"iteration":736,"passed_time":1.403611715,"remaining_time":0.5008817925},
{"learn":[1.602021928],"iteration":737,"passed_time":1.405184506,"remaining_time":0.49885954},
{"learn":[1.601744754],"iteration":738,"passed_time":1.406642153,"remaining_time":0.4967978374},
{"learn":[1.601375447],"iteration":739,"passed_time":1.408195088,"remaining_time":0.494771247},
{"learn":[1.600890283],"iteration":740,"passed_time":1.40979892,"remaining_time":0.492763725},
{"learn":[1.600622827],"iteration":741,"passed_time":1.411263978,"remaining_time":0.4907090381},
{"learn":[1.600492206],"iteration":742,"passed_time":1.412501131,"remaining_time":0.4885771072},
{"learn":[1.599194371],"iteration":743,"passed_time":1.413844747,"remaining_time":0.486484214},
{"learn":[1.598878676],"iteration":744,"passed_time":1.415235297,"remaining_time":0.4844093968},
{"learn":[1.596923105],"iteration":745,"passed_time":1.416959343,"remaining_time":0.482449964},
{"learn":[1.596459584],"iteration":746,"passed_time":1.418643749,"remaining_time":0.4804777355},
{"learn":[1.59450609],"iteration":747,"passed_time":1.420504297,"remaining_time":0.4785656189},
{"learn":[1.594394502],"iteration":748,"passed_time":1.421823498,"remaining_time":0.476472227},
{"learn":[1.593641001],"iteration":749,"passed_time":1.423259338,"remaining_time":0.4744197792},
{"learn":[1.593241492],"iteration":750,"passed_time":1.424748609,"remaining_time":0.4723866892},
{"learn":[1.593022331],"iteration":751,"passed_time":1.426094323,"remaining_time":0.4703077024},
{"learn":[1.592072982],"iteration":752,"passed_time":1.427449255,"remaining_time":0.4682336866},
{"learn":[1.591073131],"iteration":753,"passed_time":1.428883512,"remaining_time":0.466187459},
{"learn":[1.590450137],"iteration":754,"passed_time":1.430243686,"remaining_time":0.4641188122},
{"learn":[1.589465611],"iteration":755,"passed_time":1.431662457,"remaining_time":0.4620709519},
{"learn":[1.588686782],"iteration":756,"passed_time":1.43291892,"remaining_time":0.459972652},
{"learn":[1.588515097],"iteration":757,"passed_time":1.434319274,"remaining_time":0.4579225122},
{"learn":[1.588354347],"iteration":758,"passed_time":1.43619381,"remaining_time":0.4560246485},
{"learn":[1.588006589],"iteration":759,"passed_time":1.43765592,"remaining_time":0.4539966064},
{"learn":[1.587493266],"iteration":760,"passed_time":1.439101262,"remaining_time":0.4519647853},
{"learn":[1.587084766],"iteration":761,"passed_time":1.440333325,"remaining_time":0.449867889},
{"learn":[1.586654321],"iteration":762,"passed_time":1.441696114,"remaining_time":0.4478138651},
{"learn":[1.5858107],"iteration":763,"passed_time":1.443093029,"remaining_time":0.4457721921},
{"learn":[1.58522635],"iteration":764,"passed_time":1.444554451,"remaining_time":0.4437520208},
{"learn":[1.583043537],"iteration":765,"passed_time":1.446003058,"remaining_time":0.4417293938},
{"learn":[1.582591968],"iteration":766,"passed_time":1.447541164,"remaining_time":0.4397354515},
{"learn":[1.582487731],"iteration":767,"passed_time":1.44891249,"remaining_time":0.4376923148},
{"learn":[1.582225376],"iteration":768,"passed_time":1.450272437,"remaining_time":0.4356475071},
{"learn":[1.580888324],"iteration":769,"passed_time":1.451680431,"remaining_time":0.4336188301},
{"learn":[1.580482466],"iteration":770,"passed_time":1.453263145,"remaining_time":0.4316436578},
{"learn":[1.579929737],"iteration":771,"passed_time":1.454936055,"remaining_time":0.4296961407},
{"learn":[1.579310806],"iteration":772,"passed_time":1.456390853,"remaining_time":0.4276852828},
{"learn":[1.578705972],"iteration":773,"passed_time":1.45779792,"remaining_time":0.425661925},
{"learn":[1.578354569],"iteration":774,"passed_time":1.459195821,"remaining_time":0.4236374964},
{"learn":[1.577909068],"iteration":775,"passed_time":1.460797025,"remaining_time":0.4216733681},
{"learn":[1.575847861],"iteration":776,"passed_time":1.462196652,"remaining_time":0.419652321},
{"learn":[1.575189511],"iteration":777,"passed_time":1.463570681,"remaining_time":0.4176255671},
{"learn":[1.575014666],"iteration":778,"passed_time":1.464925235,"remaining_time":0.4155949639},
{"learn":[1.573857705],"iteration":779,"passed_time":1.466440275,"remaining_time":0.4136113595},
{"learn":[1.572953382],"iteration":780,"passed_time":1.46794754,"remaining_time":0.4116267749},
{"learn":[1.572155767],"iteration":781,"passed_time":1.46925675,"remaining_time":0.4095881988},
{"learn":[1.571902196],"iteration":782,"passed_time":1.470863643,"remaining_time":0.4076339854},
{"learn":[1.571363827],"iteration":783,"passed_time":1.472542822,"remaining_time":0.4057005735},
{"learn":[1.570895563],"iteration":784,"passed_time":1.473947864,"remaining_time":0.403692727},
{"learn":[1.569525962],"iteration":785,"passed_time":1.475297305,"remaining_time":0.4016712764},
{"learn":[1.569428446],"iteration":786,"passed_time":1.476464584,"remaining_time":0.3996022318},
{"learn":[1.569245569],"iteration":787,"passed_time":1.477725193,"remaining_time":0.3975605849},
{"learn":[1.568723769],"iteration":788,"passed_time":1.479115635,"remaining_time":0.3955556387},
{"learn":[1.568131233],"iteration":789,"passed_time":1.480386458,"remaining_time":0.3935204508},
{"learn":[1.567532461],"iteration":790,"passed_time":1.481726494,"remaining_time":0.3915054833},
{"learn":[1.566605507],"iteration":791,"passed_time":1.483121466,"remaining_time":0.3895066476},
{"learn":[1.565946865],"iteration":792,"passed_time":1.484472413,"remaining_time":0.3874978431},
{"learn":[1.565625812],"iteration":793,"passed_time":1.485760158,"remaining_time":0.3854742978},
{"learn":[1.564538074],"iteration":794,"passed_time":1.487142378,"remaining_time":0.3834769654},
{"learn":[1.56426921],"iteration":795,"passed_time":1.489187353,"remaining_time":0.3816510301},
{"learn":[1.563951694],"iteration":796,"passed_time":1.491308123,"remaining_time":0.3798438507},
{"learn":[1.563533997],"iteration":797,"passed_time":1.49274058,"remaining_time":0.3778616506},
{"learn":[1.563355309],"iteration":798,"passed_time":1.494020364,"remaining_time":0.3758424196},
{"learn":[1.561555626],"iteration":799,"passed_time":1.495408945,"remaining_time":0.3738522363},
{"learn":[1.561166764],"iteration":800,"passed_time":1.496826528,"remaining_time":0.3718707603},
{"learn":[1.56102702],"iteration":801,"passed_time":1.498075665,"remaining_time":0.3698491043},
{"learn":[1.560507537],"iteration":802,"passed_time":1.499318361,"remaining_time":0.3678277921},
{"learn":[1.559983155],"iteration":803,"passed_time":1.500628019,"remaining_time":0.365824741},
{"learn":[1.559795226],"iteration":804,"passed_time":1.501869578,"remaining_time":0.3638069164},
{"learn":[1.559583775],"iteration":805,"passed_time":1.503253585,"remaining_time":0.3618253047},
{"learn":[1.558836523],"iteration":806,"passed_time":1.504537534,"remaining_time":0.3598212443},
{"learn":[1.558428127],"iteration":807,"passed_time":1.506000488,"remaining_time":0.3578615022},
{"learn":[1.557848895],"iteration":808,"passed_time":1.507766907,"remaining_time":0.3559746345},
{"learn":[1.557514452],"iteration":809,"passed_time":1.509553508,"remaining_time":0.3540927982},
{"learn":[1.557324301],"iteration":810,"passed_time":1.510950563,"remaining_time":0.3521204148},
{"learn":[1.55680108],"iteration":811,"passed_time":1.512300645,"remaining_time":0.3501385731},
{"learn":[1.556300412],"iteration":812,"passed_time":1.513742319,"remaining_time":0.3481793526},
{"learn":[1.55583576],"iteration":813,"passed_time":1.515119048,"remaining_time":0.3462065638},
{"learn":[1.555697437],"iteration":814,"passed_time":1.516538577,"remaining_time":0.344244953},
{"learn":[1.555200811],"iteration":815,"passed_time":1.517982418,"remaining_time":0.3422901531},
{"learn":[1.55479542],"iteration":816,"passed_time":1.519402537,"remaining_time":0.3403312904},
{"learn":[1.553963131],"iteration":817,"passed_time":1.520780399,"remaining_time":0.3383643431},
{"learn":[1.55337912],"iteration":818,"passed_time":1.52205858,"remaining_time":0.3363768045},
{"learn":[1.552819538],"iteration":819,"passed_time":1.523361038,"remaining_time":0.3343963254},
{"learn":[1.552653672],"iteration":820,"passed_time":1.52523469,"remaining_time":0.3325420334},
{"learn":[1.552074604],"iteration":821,"passed_time":1.527370944,"remaining_time":0.3307445596},
{"learn":[1.55190908],"iteration":822,"passed_time":1.528860716,"remaining_time":0.3288072258},
{"learn":[1.551579151],"iteration":823,"passed_time":1.530333928,"remaining_time":0.3268674409},
{"learn":[1.551168375],"iteration":824,"passed_time":1.531666507,"remaining_time":0.324898956},
{"learn":[1.550618909],"iteration":825,"passed_time":1.532917321,"remaining_time":0.3229147868},
{"learn":[1.550006554],"iteration":826,"passed_time":1.534218676,"remaining_time":0.3209429636},
{"learn":[1.549751828],"iteration":827,"passed_time":1.535713014,"remaining_time":0.3190128484},
{"learn":[1.548467957],"iteration":828,"passed_time":1.537114704,"remaining_time":0.3170646736},
{"learn":[1.548150948],"iteration":829,"passed_time":1.538528722,"remaining_time":0.3151203407},
{"learn":[1.547712926],"iteration":830,"passed_time":1.539848624,"remaining_time":0.3131581438},
{"learn":[1.54736937],"iteration":831,"passed_time":1.541301269,"remaining_time":0.3112242947},
{"learn":[1.547001593],"iteration":832,"passed_time":1.54327214,"remaining_time":0.3093954951},
{"learn":[1.546382929],"iteration":833,"passed_time":1.545007566,"remaining_time":0.3075194916},
{"learn":[1.545841307],"iteration":834,"passed_time":1.54685185,"remaining_time":0.3056653356},
{"learn":[1.545471767],"iteration":835,"passed_time":1.548666773,"remaining_time":0.3038054434},
{"learn":[1.54500596],"iteration":836,"passed_time":1.550242119,"remaining_time":0.3018990028},
{"learn":[1.544220817],"iteration":837,"passed_time":1.551644255,"remaining_time":0.2999598679},
{"learn":[1.543276991],"iteration":838,"passed_time":1.553083232,"remaining_time":0.2980290827},
{"learn":[1.542512546],"iteration":839,"passed_time":1.554831639,"remaining_time":0.2961584074},
{"learn":[1.541806274],"iteration":840,"passed_time":1.556764271,"remaining_time":0.2943228527},
{"learn":[1.541391427],"iteration":841,"passed_time":1.558269101,"remaining_time":0.292406791},
{"learn":[1.541082356],"iteration":842,"passed_time":1.559766785,"remaining_time":0.2904903739},
{"learn":[1.540229597],"iteration":843,"passed_time":1.561603627,"remaining_time":0.2886376371},
{"learn":[1.539353098],"iteration":844,"passed_time":1.564063048,"remaining_time":0.286899139},
{"learn":[1.538935101],"iteration":845,"passed_time":1.565870566,"remaining_time":0.2850402686},
{"learn":[1.538403398],"iteration":846,"passed_time":1.567331659,"remaining_time":0.2831189419},
{"learn":[1.538014063],"iteration":847,"passed_time":1.568772803,"remaining_time":0.2811951251},
{"learn":[1.537461957],"iteration":848,"passed_time":1.570126737,"remaining_time":0.2792569343},
{"learn":[1.537085582],"iteration":849,"passed_time":1.571557089,"remaining_time":0.277333604},
{"learn":[1.536911233],"iteration":850,"passed_time":1.573135421,"remaining_time":0.2754373416},
{"learn":[1.53608544],"iteration":851,"passed_time":1.574483197,"remaining_time":0.2735017761},
{"learn":[1.535652933],"iteration":852,"passed_time":1.576008918,"remaining_time":0.2715982542},
{"learn":[1.535192182],"iteration":853,"passed_time":1.577570695,"remaining_time":0.2697017816},
{"learn":[1.534758998],"iteration":854,"passed_time":1.579274591,"remaining_time":0.2678301937},
{"learn":[1.534411956],"iteration":855,"passed_time":1.580876299,"remaining_time":0.2659418073},
{"learn":[1.534110975],"iteration":856,"passed_time":1.582485711,"remaining_time":0.2640553753},
{"learn":[1.533879896],"iteration":857,"passed_time":1.584520844,"remaining_time":0.2622400465},
{"learn":[1.533432657],"iteration":858,"passed_time":1.586287769,"remaining_time":0.260380181},
{"learn":[1.533207993],"iteration":859,"passed_time":1.587901625,"remaining_time":0.2584956133},
{"learn":[1.532687806],"iteration":860,"passed_time":1.589356586,"remaining_time":0.2565860226},
{"learn":[1.532353135],"iteration":861,"passed_time":1.591115322,"remaining_time":0.2547261189},
{"learn":[1.53175631],"iteration":862,"passed_time":1.592543292,"remaining_time":0.252813941},
{"learn":[1.531333344],"iteration":863,"passed_time":1.594053075,"remaining_time":0.2509157618},
{"learn":[1.530066346],"iteration":864,"passed_time":1.596021316,"remaining_time":0.249090032},
{"learn":[1.529499296],"iteration":865,"passed_time":1.598615365,"remaining_time":0.247360807},
{"learn":[1.528973271],"iteration":866,"passed_time":1.600709146,"remaining_time":0.2455528448},
{"learn":[1.528583381],"iteration":867,"passed_time":1.602295769,"remaining_time":0.2436670986},
{"learn":[1.528288329],"iteration":868,"passed_time":1.603814309,"remaining_time":0.2417717773},
{"learn":[1.527876134],"iteration":869,"passed_time":1.60518725,"remaining_time":0.2398555661},
{"learn":[1.5273718],"iteration":870,"passed_time":1.606823453,"remaining_time":0.2379795929},
{"learn":[1.527169494],"iteration":871,"passed_time":1.608525604,"remaining_time":0.2361138502},
{"learn":[1.525493983],"iteration":872,"passed_time":1.610486246,"remaining_time":0.2342860862},
{"learn":[1.524837356],"iteration":873,"passed_time":1.612865956,"remaining_time":0.232518433},
{"learn":[1.52434597],"iteration":874,"passed_time":1.616254196,"remaining_time":0.2308934566},
{"learn":[1.523744811],"iteration":875,"passed_time":1.617996559,"remaining_time":0.2290314763},
{"learn":[1.523544899],"iteration":876,"passed_time":1.619698901,"remaining_time":0.227164156},
{"learn":[1.523030979],"iteration":877,"passed_time":1.621301726,"remaining_time":0.2252833834},
{"learn":[1.522385027],"iteration":878,"passed_time":1.623189079,"remaining_time":0.2234424102},
{"learn":[1.522014215],"iteration":879,"passed_time":1.62505032,"remaining_time":0.2215977709},
{"learn":[1.521612635],"iteration":880,"passed_time":1.626568886,"remaining_time":0.2197068076},
{"learn":[1.521493336],"iteration":881,"passed_time":1.62797023,"remaining_time":0.2178010059},
{"learn":[1.521112696],"iteration":882,"passed_time":1.629349926,"remaining_time":0.2158934783},
{"learn":[1.520840608],"iteration":883,"passed_time":1.630854453,"remaining_time":0.2140035254},
{"learn":[1.520544822],"iteration":884,"passed_time":1.633856732,"remaining_time":0.2123090669},
{"learn":[1.520233526],"iteration":885,"passed_time":1.635527535,"remaining_time":0.2104403375},
{"learn":[1.520071059],"iteration":886,"passed_time":1.63740525,"remaining_time":0.2085984141},
{"learn":[1.519929303],"iteration":887,"passed_time":1.638918958,"remaining_time":0.2067104992},
{"learn":[1.519465605],"iteration":888,"passed_time":1.640580711,"remaining_time":0.204841911},
{"learn":[1.519407021],"iteration":889,"passed_time":1.642196724,"remaining_time":0.2029681344},
{"learn":[1.51894416],"iteration":890,"passed_time":1.643857821,"remaining_time":0.2011004518},
{"learn":[1.518511399],"iteration":891,"passed_time":1.645692192,"remaining_time":0.1992542116},
{"learn":[1.518057291],"iteration":892,"passed_time":1.647136756,"remaining_time":0.1973612911},
{"learn":[1.517797253],"iteration":893,"passed_time":1.648718401,"remaining_time":0.1954856269},
{"learn":[1.517516069],"iteration":894,"passed_time":1.650408282,"remaining_time":0.193623318},
{"learn":[1.517050693],"iteration":895,"passed_time":1.652509531,"remaining_time":0.191809142},
{"learn":[1.516643763],"iteration":896,"passed_time":1.654645453,"remaining_time":0.1899983073},
{"learn":[1.516195125],"iteration":897,"passed_time":1.65693023,"remaining_time":0.1882036565},
{"learn":[1.516006608],"iteration":898,"passed_time":1.658475462,"remaining_time":0.1863248294},
{"learn":[1.51575529],"iteration":899,"passed_time":1.660371581,"remaining_time":0.1844857312},
{"learn":[1.514123069],"iteration":900,"passed_time":1.662606193,"remaining_time":0.1826836994},
{"learn":[1.513677016],"iteration":901,"passed_time":1.664315889,"remaining_time":0.1808236775},
{"learn":[1.513152644],"iteration":902,"passed_time":1.665843655,"remaining_time":0.1789444458},
{"learn":[1.512726137],"iteration":903,"passed_time":1.668176367,"remaining_time":0.1771514726},
{"learn":[1.512366651],"iteration":904,"passed_time":1.670150014,"remaining_time":0.1753196148},
{"learn":[1.511945104],"iteration":905,"passed_time":1.671847615,"remaining_time":0.1734588034},
{"learn":[1.511656698],"iteration":906,"passed_time":1.674025929,"remaining_time":0.1716476421},
{"learn":[1.511446842],"iteration":907,"passed_time":1.676175227,"remaining_time":0.1698327323},
{"learn":[1.511112453],"iteration":908,"passed_time":1.677711115,"remaining_time":0.1679556781},
{"learn":[1.510639834],"iteration":909,"passed_time":1.679166495,"remaining_time":0.1660714116},
{"learn":[1.510244147],"iteration":910,"passed_time":1.681129366,"remaining_time":0.1642376658},
{"learn":[1.509412066],"iteration":911,"passed_time":1.682804817,"remaining_time":0.1623759034},
{"learn":[1.508926251],"iteration":912,"passed_time":1.684917551,"remaining_time":0.1605562179},
{"learn":[1.508479553],"iteration":913,"passed_time":1.687712433,"remaining_time":0.1588000758},
{"learn":[1.508228234],"iteration":914,"passed_time":1.68943672,"remaining_time":0.1569422089},
{"learn":[1.505401939],"iteration":915,"passed_time":1.691282676,"remaining_time":0.1550957912},
{"learn":[1.505192262],"iteration":916,"passed_time":1.693661055,"remaining_time":0.1532975655},
{"learn":[1.505082813],"iteration":917,"passed_time":1.695344267,"remaining_time":0.1514359803},
{"learn":[1.505058837],"iteration":918,"passed_time":1.696789492,"remaining_time":0.1495538072},
{"learn":[1.504842148],"iteration":919,"passed_time":1.698790336,"remaining_time":0.1477208988},
{"learn":[1.504205967],"iteration":920,"passed_time":1.700201983,"remaining_time":0.1458370865},
{"learn":[1.503224124],"iteration":921,"passed_time":1.701764335,"remaining_time":0.1439670479},
{"learn":[1.502898188],"iteration":922,"passed_time":1.703845883,"remaining_time":0.1421409892},
{"learn":[1.502393971],"iteration":923,"passed_time":1.705837031,"remaining_time":0.140306942},
{"learn":[1.502076868],"iteration":924,"passed_time":1.708246962,"remaining_time":0.1385065104},
{"learn":[1.501774561],"iteration":925,"passed_time":1.709765165,"remaining_time":0.1366335013},
{"learn":[1.501476968],"iteration":926,"passed_time":1.711108333,"remaining_time":0.1347474739},
{"learn":[1.500462551],"iteration":927,"passed_time":1.712527384,"remaining_time":0.132868504},
{"learn":[1.499381512],"iteration":928,"passed_time":1.713978248,"remaining_time":0.1309929554},
{"learn":[1.499279249],"iteration":929,"passed_time":1.715282024,"remaining_time":0.1291072491},
{"learn":[1.498823245],"iteration":930,"passed_time":1.716575184,"remaining_time":0.1272220061},
{"learn":[1.498126578],"iteration":931,"passed_time":1.71794546,"remaining_time":0.1253436601},
{"learn":[1.497395575],"iteration":932,"passed_time":1.719369138,"remaining_time":0.1234702382},
{"learn":[1.497096216],"iteration":933,"passed_time":1.721665786,"remaining_time":0.1216594666},
{"learn":[1.496699438],"iteration":934,"passed_time":1.723545203,"remaining_time":0.1198186504},
{"learn":[1.496018182],"iteration":935,"passed_time":1.725432013,"remaining_time":0.1179782573},
{"learn":[1.495617011],"iteration":936,"passed_time":1.727128347,"remaining_time":0.1161249582},
{"learn":[1.494850447],"iteration":937,"passed_time":1.728545259,"remaining_time":0.1142535246},
{"learn":[1.494390842],"iteration":938,"passed_time":1.729889372,"remaining_time":0.1123783298},
{"learn":[1.494026536],"iteration":939,"passed_time":1.731229781,"remaining_time":0.1105040286},
{"learn":[1.492569351],"iteration":940,"passed_time":1.73267561,"remaining_time":0.1086374718},
{"learn":[1.492142236],"iteration":941,"passed_time":1.733943278,"remaining_time":0.1067608388},
{"learn":[1.491896328],"iteration":942,"passed_time":1.735288141,"remaining_time":0.1048901633},
{"learn":[1.491737984],"iteration":943,"passed_time":1.736708231,"remaining_time":0.1030250645},
{"learn":[1.49057087],"iteration":944,"passed_time":1.738498348,"remaining_time":0.1011824435},
{"learn":[1.490474476],"iteration":945,"passed_time":1.740832409,"remaining_time":0.09937098316},
{"learn":[1.489287377],"iteration":946,"passed_time":1.742694453,"remaining_time":0.09753200212},
{"learn":[1.488995101],"iteration":947,"passed_time":1.744447913,"remaining_time":0.0956870163},
{"learn":[1.488783734],"iteration":948,"passed_time":1.746035416,"remaining_time":0.09383330476},
{"learn":[1.488188797],"iteration":949,"passed_time":1.747423876,"remaining_time":0.09196967768},
{"learn":[1.487632764],"iteration":950,"passed_time":1.748801873,"remaining_time":0.09010651083},
{"learn":[1.487364435],"iteration":951,"passed_time":1.750147481,"remaining_time":0.08824273015},
{"learn":[1.48697785],"iteration":952,"passed_time":1.751466854,"remaining_time":0.08637874305},
{"learn":[1.48661098],"iteration":953,"passed_time":1.752710326,"remaining_time":0.08451223795},
{"learn":[1.486269546],"iteration":954,"passed_time":1.754213877,"remaining_time":0.08265929264},
{"learn":[1.485614027],"iteration":955,"passed_time":1.755911084,"remaining_time":0.08081599132},
{"learn":[1.484803088],"iteration":956,"passed_time":1.757904964,"remaining_time":0.07898632543},
{"learn":[1.484306144],"iteration":957,"passed_time":1.759858675,"remaining_time":0.0771545557},
{"learn":[1.484208833],"iteration":958,"passed_time":1.761630792,"remaining_time":0.07531476798},
{"learn":[1.483767263],"iteration":959,"passed_time":1.763159216,"remaining_time":0.07346496732},
{"learn":[1.483238871],"iteration":960,"passed_time":1.764543654,"remaining_time":0.0716099922},
{"learn":[1.483052691],"iteration":961,"passed_time":1.765919575,"remaining_time":0.06975565888},
{"learn":[1.482779797],"iteration":962,"passed_time":1.767160819,"remaining_time":0.06789714466},
{"learn":[1.48228229],"iteration":963,"passed_time":1.768685608,"remaining_time":0.06605049987},
{"learn":[1.481532062],"iteration":964,"passed_time":1.77003934,"remaining_time":0.06419831804},
{"learn":[1.480731776],"iteration":965,"passed_time":1.771319652,"remaining_time":0.06234458403},
{"learn":[1.480533605],"iteration":966,"passed_time":1.772746272,"remaining_time":0.06049702893},
{"learn":[1.480012097],"iteration":967,"passed_time":1.774679583,"remaining_time":0.05866709366},
{"learn":[1.479739642],"iteration":968,"passed_time":1.776198296,"remaining_time":0.05682368129},
{"learn":[1.479332585],"iteration":969,"passed_time":1.777908716,"remaining_time":0.05498686751},
{"learn":[1.478740727],"iteration":970,"passed_time":1.779351213,"remaining_time":0.05314231223},
{"learn":[1.478046855],"iteration":971,"passed_time":1.780710807,"remaining_time":0.05129619608},
{"learn":[1.477956025],"iteration":972,"passed_time":1.782614373,"remaining_time":0.04946617479},
{"learn":[1.477583651],"iteration":973,"passed_time":1.784097617,"remaining_time":0.04762478239},
{"learn":[1.47721569],"iteration":974,"passed_time":1.785403999,"remaining_time":0.04577958971},
{"learn":[1.47715101],"iteration":975,"passed_time":1.786813663,"remaining_time":0.04393804089},
{"learn":[1.47697521],"iteration":976,"passed_time":1.788095997,"remaining_time":0.04209437865},
{"learn":[1.476905083],"iteration":977,"passed_time":1.789409703,"remaining_time":0.04025257001},
{"learn":[1.476422376],"iteration":978,"passed_time":1.790796964,"remaining_time":0.03841341802},
{"learn":[1.47601688],"iteration":979,"passed_time":1.792412932,"remaining_time":0.03657985576},
{"learn":[1.475829983],"iteration":980,"passed_time":1.793851974,"remaining_time":0.03474331041},
{"learn":[1.475384802],"iteration":981,"passed_time":1.795216879,"remaining_time":0.03290621571},
{"learn":[1.475007454],"iteration":982,"passed_time":1.79653045,"remaining_time":0.03106919395},
{"learn":[1.474928405],"iteration":983,"passed_time":1.797816485,"remaining_time":0.02923278838},
{"learn":[1.47435986],"iteration":984,"passed_time":1.79904319,"remaining_time":0.02739659679},
{"learn":[1.473760671],"iteration":985,"passed_time":1.800337611,"remaining_time":0.025562603},
{"learn":[1.47338839],"iteration":986,"passed_time":1.801606723,"remaining_time":0.0237293692},
{"learn":[1.473002973],"iteration":987,"passed_time":1.80309789,"remaining_time":0.02189997437},
{"learn":[1.472655405],"iteration":988,"passed_time":1.804442048,"remaining_time":0.02006962844},
{"learn":[1.472109367],"iteration":989,"passed_time":1.805930538,"remaining_time":0.01824172261},
{"learn":[1.471779883],"iteration":990,"passed_time":1.807526221,"remaining_time":0.01641547527},
{"learn":[1.471559358],"iteration":991,"passed_time":1.808963005,"remaining_time":0.01458841133},
{"learn":[1.47059311],"iteration":992,"passed_time":1.810747688,"remaining_time":0.01276458592},
{"learn":[1.470199526],"iteration":993,"passed_time":1.812218077,"remaining_time":0.01093894211},
{"learn":[1.468349835],"iteration":994,"passed_time":1.813721957,"remaining_time":0.00911418069},
{"learn":[1.467440473],"iteration":995,"passed_time":1.815165877,"remaining_time":0.007289822799},
{"learn":[1.467291947],"iteration":996,"passed_time":1.816643737,"remaining_time":0.0054663302},
{"learn":[1.467042482],"iteration":997,"passed_time":1.818128999,"remaining_time":0.003643545088},
{"learn":[1.466335244],"iteration":998,"passed_time":1.819516839,"remaining_time":0.001821338177},
{"learn":[1.465156004],"iteration":999,"passed_time":1.820782065,"remaining_time":0}
]}