Product,Country,Intake Month,Cohort_size
A,US,1/31/2019,110
A,US,1/31/2019,110
A,US,1/31/2019,110
A,US,1/31/2019,110
A,US,1/31/2019,110
A,US,1/31/2019,110
A,US,1/31/2019,110
A,US,1/31/2019,110
A,US,1/31/2019,110
A,US,1/31/2019,110
A,US,1/31/2019,110
A,US,1/31/2019,110
A,US,1/31/2019,110
A,US,1/31/2019,110
A,US,1/31/2019,110
A,US,1/31/2019,110
A,US,1/31/2019,110
A,US,1/31/2019,110
A,US,1/31/2019,110
A,US,1/31/2019,110
A,US,1/31/2019,110
A,US,1/31/2019,110
A,US,1/31/2019,110
A,US,1/31/2019,110
A,US,1/31/2019,110
A,US,1/31/2019,110
A,US,1/31/2019,110
A,US,1/31/2019,110
A,US,2/28/2019,86
A,US,2/28/2019,86
A,US,2/28/2019,86
A,US,2/28/2019,86
A,US,2/28/2019,86
A,US,2/28/2019,86
A,US,2/28/2019,86
A,US,2/28/2019,86
A,US,2/28/2019,86
A,US,2/28/2019,86
A,US,2/28/2019,86
A,US,2/28/2019,86
A,US,2/28/2019,86
A,US,2/28/2019,86
A,US,2/28/2019,86
A,US,2/28/2019,86
A,US,2/28/2019,86
A,US,2/28/2019,86
A,US,2/28/2019,86
A,US,2/28/2019,86
A,US,2/28/2019,86
A,US,2/28/2019,86
A,US,2/28/2019,86
A,US,2/28/2019,86
A,US,2/28/2019,86
A,US,2/28/2019,86
A,US,2/28/2019,86
A,US,3/31/2019,92
A,US,3/31/2019,92
A,US,3/31/2019,92
A,US,3/31/2019,92
A,US,3/31/2019,92
A,US,3/31/2019,92
A,US,3/31/2019,92
A,US,3/31/2019,92
A,US,3/31/2019,92
A,US,3/31/2019,92
A,US,3/31/2019,92
A,US,3/31/2019,92
A,US,3/31/2019,92
A,US,3/31/2019,92
A,US,3/31/2019,92
A,US,3/31/2019,92
A,US,3/31/2019,92
A,US,3/31/2019,92
A,US,3/31/2019,92
A,US,3/31/2019,92
A,US,3/31/2019,92
A,US,3/31/2019,92
A,US,3/31/2019,92
A,US,3/31/2019,92
A,US,3/31/2019,92
A,US,3/31/2019,92
A,US,4/30/2019,113
A,US,4/30/2019,113
A,US,4/30/2019,113
A,US,4/30/2019,113
A,US,4/30/2019,113
A,US,4/30/2019,113
A,US,4/30/2019,113
A,US,4/30/2019,113
A,US,4/30/2019,113
A,US,4/30/2019,113
A,US,4/30/2019,113
A,US,4/30/2019,113
A,US,4/30/2019,113
A,US,4/30/2019,113
A,US,4/30/2019,113
A,US,4/30/2019,113
A,US,4/30/2019,113
A,US,4/30/2019,113
A,US,4/30/2019,113
A,US,4/30/2019,113
A,US,4/30/2019,113
A,US,4/30/2019,113
A,US,4/30/2019,113
A,US,4/30/2019,113
A,US,4/30/2019,113
A,US,5/31/2019,124
A,US,5/31/2019,124
A,US,5/31/2019,124
A,US,5/31/2019,124
A,US,5/31/2019,124
A,US,5/31/2019,124
A,US,5/31/2019,124
A,US,5/31/2019,124
A,US,5/31/2019,124
A,US,5/31/2019,124
A,US,5/31/2019,124
A,US,5/31/2019,124
A,US,5/31/2019,124
A,US,5/31/2019,124
A,US,5/31/2019,124
A,US,5/31/2019,124
A,US,5/31/2019,124
A,US,5/31/2019,124
A,US,5/31/2019,124
A,US,5/31/2019,124
A,US,5/31/2019,124
A,US,5/31/2019,124
A,US,5/31/2019,124
A,US,5/31/2019,124
A,US,6/30/2019,115
A,US,6/30/2019,115
A,US,6/30/2019,115
A,US,6/30/2019,115
A,US,6/30/2019,115
A,US,6/30/2019,115
A,US,6/30/2019,115
A,US,6/30/2019,115
A,US,6/30/2019,115
A,US,6/30/2019,115
A,US,6/30/2019,115
A,US,6/30/2019,115
A,US,6/30/2019,115
A,US,6/30/2019,115
A,US,6/30/2019,115
A,US,6/30/2019,115
A,US,6/30/2019,115
A,US,6/30/2019,115
A,US,6/30/2019,115
A,US,6/30/2019,115
A,US,6/30/2019,115
A,US,6/30/2019,115
A,US,6/30/2019,115
A,US,7/31/2019,111
A,US,7/31/2019,111
A,US,7/31/2019,111
A,US,7/31/2019,111
A,US,7/31/2019,111
A,US,7/31/2019,111
A,US,7/31/2019,111
A,US,7/31/2019,111
A,US,7/31/2019,111
A,US,7/31/2019,111
A,US,7/31/2019,111
A,US,7/31/2019,111
A,US,7/31/2019,111
A,US,7/31/2019,111
A,US,7/31/2019,111
A,US,7/31/2019,111
A,US,7/31/2019,111
A,US,7/31/2019,111
A,US,7/31/2019,111
A,US,7/31/2019,111
A,US,7/31/2019,111
A,US,7/31/2019,111
A,US,8/31/2019,92
A,US,8/31/2019,92
A,US,8/31/2019,92
A,US,8/31/2019,92
A,US,8/31/2019,92
A,US,8/31/2019,92
A,US,8/31/2019,92
A,US,8/31/2019,92
A,US,8/31/2019,92
A,US,8/31/2019,92
A,US,8/31/2019,92
A,US,8/31/2019,92
A,US,8/31/2019,92
A,US,8/31/2019,92
A,US,8/31/2019,92
A,US,8/31/2019,92
A,US,8/31/2019,92
A,US,8/31/2019,92
A,US,8/31/2019,92
A,US,8/31/2019,92
A,US,8/31/2019,92
A,US,9/30/2019,98
A,US,9/30/2019,98
A,US,9/30/2019,98
A,US,9/30/2019,98
A,US,9/30/2019,98
A,US,9/30/2019,98
A,US,9/30/2019,98
A,US,9/30/2019,98
A,US,9/30/2019,98
A,US,9/30/2019,98
A,US,9/30/2019,98
A,US,9/30/2019,98
A,US,9/30/2019,98
A,US,9/30/2019,98
A,US,9/30/2019,98
A,US,9/30/2019,98
A,US,9/30/2019,98
A,US,9/30/2019,98
A,US,9/30/2019,98
A,US,9/30/2019,98
A,US,10/31/2019,119
A,US,10/31/2019,119
A,US,10/31/2019,119
A,US,10/31/2019,119
A,US,10/31/2019,119
A,US,10/31/2019,119
A,US,10/31/2019,119
A,US,10/31/2019,119
A,US,10/31/2019,119
A,US,10/31/2019,119
A,US,10/31/2019,119
A,US,10/31/2019,119
A,US,10/31/2019,119
A,US,10/31/2019,119
A,US,10/31/2019,119
A,US,10/31/2019,119
A,US,10/31/2019,119
A,US,10/31/2019,119
A,US,10/31/2019,119
A,US,11/30/2019,130
A,US,11/30/2019,130
A,US,11/30/2019,130
A,US,11/30/2019,130
A,US,11/30/2019,130
A,US,11/30/2019,130
A,US,11/30/2019,130
A,US,11/30/2019,130
A,US,11/30/2019,130
A,US,11/30/2019,130
A,US,11/30/2019,130
A,US,11/30/2019,130
A,US,11/30/2019,130
A,US,11/30/2019,130
A,US,11/30/2019,130
A,US,11/30/2019,130
A,US,11/30/2019,130
A,US,11/30/2019,130
A,US,12/31/2019,161
A,US,12/31/2019,161
A,US,12/31/2019,161
A,US,12/31/2019,161
A,US,12/31/2019,161
A,US,12/31/2019,161
A,US,12/31/2019,161
A,US,12/31/2019,161
A,US,12/31/2019,161
A,US,12/31/2019,161
A,US,12/31/2019,161
A,US,12/31/2019,161
A,US,12/31/2019,161
A,US,12/31/2019,161
A,US,12/31/2019,161
A,US,12/31/2019,161
A,US,12/31/2019,161
A,US,1/31/2020,122
A,US,1/31/2020,122
A,US,1/31/2020,122
A,US,1/31/2020,122
A,US,1/31/2020,122
A,US,1/31/2020,122
A,US,1/31/2020,122
A,US,1/31/2020,122
A,US,1/31/2020,122
A,US,1/31/2020,122
A,US,1/31/2020,122
A,US,1/31/2020,122
A,US,1/31/2020,122
A,US,1/31/2020,122
A,US,1/31/2020,122
A,US,1/31/2020,122
A,US,2/29/2020,98
A,US,2/29/2020,98
A,US,2/29/2020,98
A,US,2/29/2020,98
A,US,2/29/2020,98
A,US,2/29/2020,98
A,US,2/29/2020,98
A,US,2/29/2020,98
A,US,2/29/2020,98
A,US,2/29/2020,98
A,US,2/29/2020,98
A,US,2/29/2020,98
A,US,2/29/2020,98
A,US,2/29/2020,98
A,US,2/29/2020,98
A,US,3/31/2020,104
A,US,3/31/2020,104
A,US,3/31/2020,104
A,US,3/31/2020,104
A,US,3/31/2020,104
A,US,3/31/2020,104
A,US,3/31/2020,104
A,US,3/31/2020,104
A,US,3/31/2020,104
A,US,3/31/2020,104
A,US,3/31/2020,104
A,US,3/31/2020,104
A,US,3/31/2020,104
A,US,3/31/2020,104
A,US,4/30/2020,125
A,US,4/30/2020,125
A,US,4/30/2020,125
A,US,4/30/2020,125
A,US,4/30/2020,125
A,US,4/30/2020,125
A,US,4/30/2020,125
A,US,4/30/2020,125
A,US,4/30/2020,125
A,US,4/30/2020,125
A,US,4/30/2020,125
A,US,4/30/2020,125
A,US,4/30/2020,125
A,US,5/31/2020,136
A,US,5/31/2020,136
A,US,5/31/2020,136
A,US,5/31/2020,136
A,US,5/31/2020,136
A,US,5/31/2020,136
A,US,5/31/2020,136
A,US,5/31/2020,136
A,US,5/31/2020,136
A,US,5/31/2020,136
A,US,5/31/2020,136
A,US,5/31/2020,136
A,US,6/30/2020,127
A,US,6/30/2020,127
A,US,6/30/2020,127
A,US,6/30/2020,127
A,US,6/30/2020,127
A,US,6/30/2020,127
A,US,6/30/2020,127
A,US,6/30/2020,127
A,US,6/30/2020,127
A,US,6/30/2020,127
A,US,6/30/2020,127
A,US,7/31/2020,123
A,US,7/31/2020,123
A,US,7/31/2020,123
A,US,7/31/2020,123
A,US,7/31/2020,123
A,US,7/31/2020,123
A,US,7/31/2020,123
A,US,7/31/2020,123
A,US,7/31/2020,123
A,US,7/31/2020,123
A,US,8/31/2020,104
A,US,8/31/2020,104
A,US,8/31/2020,104
A,US,8/31/2020,104
A,US,8/31/2020,104
A,US,8/31/2020,104
A,US,8/31/2020,104
A,US,8/31/2020,104
A,US,8/31/2020,104
A,US,9/30/2020,110
A,US,9/30/2020,110
A,US,9/30/2020,110
A,US,9/30/2020,110
A,US,9/30/2020,110
A,US,9/30/2020,110
A,US,9/30/2020,110
A,US,9/30/2020,110
A,US,10/31/2020,131
A,US,10/31/2020,131
A,US,10/31/2020,131
A,US,10/31/2020,131
A,US,10/31/2020,131
A,US,10/31/2020,131
A,US,10/31/2020,131
A,US,11/30/2020,142
A,US,11/30/2020,142
A,US,11/30/2020,142
A,US,11/30/2020,142
A,US,11/30/2020,142
A,US,11/30/2020,142
A,US,12/31/2020,173
A,US,12/31/2020,173
A,US,12/31/2020,173
A,US,12/31/2020,173
A,US,12/31/2020,173
A,US,1/31/2021,134
A,US,1/31/2021,134
A,US,1/31/2021,134
A,US,1/31/2021,134
A,US,2/28/2021,110
A,US,2/28/2021,110
A,US,2/28/2021,110
A,US,3/31/2021,116
A,US,3/31/2021,116
A,US,4/30/2021,137
B,US,1/31/2019,0
B,US,1/31/2019,0
B,US,2/28/2019,0
B,US,1/31/2019,0
B,US,2/28/2019,0
B,US,3/31/2019,0
B,US,1/31/2019,0
B,US,2/28/2019,0
B,US,3/31/2019,0
B,US,4/30/2019,0
B,US,1/31/2019,0
B,US,2/28/2019,0
B,US,3/31/2019,0
B,US,4/30/2019,0
B,US,5/31/2019,204
B,US,1/31/2019,0
B,US,2/28/2019,0
B,US,3/31/2019,0
B,US,4/30/2019,0
B,US,5/31/2019,204
B,US,6/30/2019,305
B,US,1/31/2019,0
B,US,2/28/2019,0
B,US,3/31/2019,0
B,US,4/30/2019,0
B,US,5/31/2019,204
B,US,6/30/2019,305
B,US,7/31/2019,0
B,US,1/31/2019,0
B,US,2/28/2019,0
B,US,3/31/2019,0
B,US,4/30/2019,0
B,US,5/31/2019,204
B,US,6/30/2019,305
B,US,7/31/2019,0
B,US,8/31/2019,0
B,US,1/31/2019,0
B,US,2/28/2019,0
B,US,3/31/2019,0
B,US,4/30/2019,0
B,US,5/31/2019,204
B,US,6/30/2019,305
B,US,7/31/2019,0
B,US,8/31/2019,0
B,US,9/30/2019,0
B,US,1/31/2019,0
B,US,2/28/2019,0
B,US,3/31/2019,0
B,US,4/30/2019,0
B,US,5/31/2019,204
B,US,6/30/2019,305
B,US,7/31/2019,0
B,US,8/31/2019,0
B,US,9/30/2019,0
B,US,10/31/2019,0
B,US,1/31/2019,0
B,US,2/28/2019,0
B,US,3/31/2019,0
B,US,4/30/2019,0
B,US,5/31/2019,204
B,US,6/30/2019,305
B,US,7/31/2019,0
B,US,8/31/2019,0
B,US,9/30/2019,0
B,US,10/31/2019,0
B,US,11/30/2019,210
B,US,1/31/2019,0
B,US,2/28/2019,0
B,US,3/31/2019,0
B,US,4/30/2019,0
B,US,5/31/2019,204
B,US,6/30/2019,305
B,US,7/31/2019,0
B,US,8/31/2019,0
B,US,9/30/2019,0
B,US,10/31/2019,0
B,US,11/30/2019,210
B,US,12/31/2019,361
B,US,1/31/2019,0
B,US,2/28/2019,0
B,US,3/31/2019,0
B,US,4/30/2019,0
B,US,5/31/2019,204
B,US,6/30/2019,305
B,US,7/31/2019,0
B,US,8/31/2019,0
B,US,9/30/2019,0
B,US,10/31/2019,0
B,US,11/30/2019,210
B,US,12/31/2019,361
B,US,1/31/2020,0
B,US,1/31/2019,0
B,US,2/28/2019,0
B,US,3/31/2019,0
B,US,4/30/2019,0
B,US,5/31/2019,204
B,US,6/30/2019,305
B,US,7/31/2019,0
B,US,8/31/2019,0
B,US,9/30/2019,0
B,US,10/31/2019,0
B,US,11/30/2019,210
B,US,12/31/2019,361
B,US,1/31/2020,0
B,US,2/29/2020,0
B,US,1/31/2019,0
B,US,2/28/2019,0
B,US,3/31/2019,0
B,US,4/30/2019,0
B,US,5/31/2019,204
B,US,6/30/2019,305
B,US,7/31/2019,0
B,US,8/31/2019,0
B,US,9/30/2019,0
B,US,10/31/2019,0
B,US,11/30/2019,210
B,US,12/31/2019,361
B,US,1/31/2020,0
B,US,2/29/2020,0
B,US,3/31/2020,0
B,US,1/31/2019,0
B,US,2/28/2019,0
B,US,3/31/2019,0
B,US,4/30/2019,0
B,US,5/31/2019,204
B,US,6/30/2019,305
B,US,7/31/2019,0
B,US,8/31/2019,0
B,US,9/30/2019,0
B,US,10/31/2019,0
B,US,11/30/2019,210
B,US,12/31/2019,361
B,US,1/31/2020,0
B,US,2/29/2020,0
B,US,3/31/2020,0
B,US,4/30/2020,0
B,US,1/31/2019,0
B,US,2/28/2019,0
B,US,3/31/2019,0
B,US,4/30/2019,0
B,US,5/31/2019,204
B,US,6/30/2019,305
B,US,7/31/2019,0
B,US,8/31/2019,0
B,US,9/30/2019,0
B,US,10/31/2019,0
B,US,11/30/2019,210
B,US,12/31/2019,361
B,US,1/31/2020,0
B,US,2/29/2020,0
B,US,3/31/2020,0
B,US,4/30/2020,0
B,US,5/31/2020,216
B,US,1/31/2019,0
B,US,2/28/2019,0
B,US,3/31/2019,0
B,US,4/30/2019,0
B,US,5/31/2019,204
B,US,6/30/2019,305
B,US,7/31/2019,0
B,US,8/31/2019,0
B,US,9/30/2019,0
B,US,10/31/2019,0
B,US,11/30/2019,210
B,US,12/31/2019,361
B,US,1/31/2020,0
B,US,2/29/2020,0
B,US,3/31/2020,0
B,US,4/30/2020,0
B,US,5/31/2020,216
B,US,6/30/2020,317
B,US,1/31/2019,0
B,US,2/28/2019,0
B,US,3/31/2019,0
B,US,4/30/2019,0
B,US,5/31/2019,204
B,US,6/30/2019,305
B,US,7/31/2019,0
B,US,8/31/2019,0
B,US,9/30/2019,0
B,US,10/31/2019,0
B,US,11/30/2019,210
B,US,12/31/2019,361
B,US,1/31/2020,0
B,US,2/29/2020,0
B,US,3/31/2020,0
B,US,4/30/2020,0
B,US,5/31/2020,216
B,US,6/30/2020,317
B,US,7/31/2020,0
B,US,1/31/2019,0
B,US,2/28/2019,0
B,US,3/31/2019,0
B,US,4/30/2019,0
B,US,5/31/2019,204
B,US,6/30/2019,305
B,US,7/31/2019,0
B,US,8/31/2019,0
B,US,9/30/2019,0
B,US,10/31/2019,0
B,US,11/30/2019,210
B,US,12/31/2019,361
B,US,1/31/2020,0
B,US,2/29/2020,0
B,US,3/31/2020,0
B,US,4/30/2020,0
B,US,5/31/2020,216
B,US,6/30/2020,317
B,US,7/31/2020,0
B,US,8/31/2020,0
B,US,1/31/2019,0
B,US,2/28/2019,0
B,US,3/31/2019,0
B,US,4/30/2019,0
B,US,5/31/2019,204
B,US,6/30/2019,305
B,US,7/31/2019,0
B,US,8/31/2019,0
B,US,9/30/2019,0
B,US,10/31/2019,0
B,US,11/30/2019,210
B,US,12/31/2019,361
B,US,1/31/2020,0
B,US,2/29/2020,0
B,US,3/31/2020,0
B,US,4/30/2020,0
B,US,5/31/2020,216
B,US,6/30/2020,317
B,US,7/31/2020,0
B,US,8/31/2020,0
B,US,9/30/2020,0
B,US,1/31/2019,0
B,US,2/28/2019,0
B,US,3/31/2019,0
B,US,4/30/2019,0
B,US,5/31/2019,204
B,US,6/30/2019,305
B,US,7/31/2019,0
B,US,8/31/2019,0
B,US,9/30/2019,0
B,US,10/31/2019,0
B,US,11/30/2019,210
B,US,12/31/2019,361
B,US,1/31/2020,0
B,US,2/29/2020,0
B,US,3/31/2020,0
B,US,4/30/2020,0
B,US,5/31/2020,216
B,US,6/30/2020,317
B,US,7/31/2020,0
B,US,8/31/2020,0
B,US,9/30/2020,0
B,US,10/31/2020,0
B,US,1/31/2019,0
B,US,2/28/2019,0
B,US,3/31/2019,0
B,US,4/30/2019,0
B,US,5/31/2019,204
B,US,6/30/2019,305
B,US,7/31/2019,0
B,US,8/31/2019,0
B,US,9/30/2019,0
B,US,10/31/2019,0
B,US,11/30/2019,210
B,US,12/31/2019,361
B,US,1/31/2020,0
B,US,2/29/2020,0
B,US,3/31/2020,0
B,US,4/30/2020,0
B,US,5/31/2020,216
B,US,6/30/2020,317
B,US,7/31/2020,0
B,US,8/31/2020,0
B,US,9/30/2020,0
B,US,10/31/2020,0
B,US,11/30/2020,222
B,US,1/31/2019,0
B,US,2/28/2019,0
B,US,3/31/2019,0
B,US,4/30/2019,0
B,US,5/31/2019,204
B,US,6/30/2019,305
B,US,7/31/2019,0
B,US,8/31/2019,0
B,US,9/30/2019,0
B,US,10/31/2019,0
B,US,11/30/2019,210
B,US,12/31/2019,361
B,US,1/31/2020,0
B,US,2/29/2020,0
B,US,3/31/2020,0
B,US,4/30/2020,0
B,US,5/31/2020,216
B,US,6/30/2020,317
B,US,7/31/2020,0
B,US,8/31/2020,0
B,US,9/30/2020,0
B,US,10/31/2020,0
B,US,11/30/2020,222
B,US,12/31/2020,373
B,US,1/31/2019,0
B,US,2/28/2019,0
B,US,3/31/2019,0
B,US,4/30/2019,0
B,US,5/31/2019,204
B,US,6/30/2019,305
B,US,7/31/2019,0
B,US,8/31/2019,0
B,US,9/30/2019,0
B,US,10/31/2019,0
B,US,11/30/2019,210
B,US,12/31/2019,361
B,US,1/31/2020,0
B,US,2/29/2020,0
B,US,3/31/2020,0
B,US,4/30/2020,0
B,US,5/31/2020,216
B,US,6/30/2020,317
B,US,7/31/2020,0
B,US,8/31/2020,0
B,US,9/30/2020,0
B,US,10/31/2020,0
B,US,11/30/2020,222
B,US,12/31/2020,373
B,US,1/31/2021,0
B,US,1/31/2019,0
B,US,2/28/2019,0
B,US,3/31/2019,0
B,US,4/30/2019,0
B,US,5/31/2019,204
B,US,6/30/2019,305
B,US,7/31/2019,0
B,US,8/31/2019,0
B,US,9/30/2019,0
B,US,10/31/2019,0
B,US,11/30/2019,210
B,US,12/31/2019,361
B,US,1/31/2020,0
B,US,2/29/2020,0
B,US,3/31/2020,0
B,US,4/30/2020,0
B,US,5/31/2020,216
B,US,6/30/2020,317
B,US,7/31/2020,0
B,US,8/31/2020,0
B,US,9/30/2020,0
B,US,10/31/2020,0
B,US,11/30/2020,222
B,US,12/31/2020,373
B,US,1/31/2021,0
B,US,2/28/2021,0
B,US,1/31/2019,0
B,US,2/28/2019,0
B,US,3/31/2019,0
B,US,4/30/2019,0
B,US,5/31/2019,204
B,US,6/30/2019,305
B,US,7/31/2019,0
B,US,8/31/2019,0
B,US,9/30/2019,0
B,US,10/31/2019,0
B,US,11/30/2019,210
B,US,12/31/2019,361
B,US,1/31/2020,0
B,US,2/29/2020,0
B,US,3/31/2020,0
B,US,4/30/2020,0
B,US,5/31/2020,216
B,US,6/30/2020,317
B,US,7/31/2020,0
B,US,8/31/2020,0
B,US,9/30/2020,0
B,US,10/31/2020,0
B,US,11/30/2020,222
B,US,12/31/2020,373
B,US,1/31/2021,0
B,US,2/28/2021,0
B,US,3/31/2021,0
B,US,1/31/2019,0
B,US,2/28/2019,0
B,US,3/31/2019,0
B,US,4/30/2019,0
B,US,5/31/2019,204
B,US,6/30/2019,305
B,US,7/31/2019,0
B,US,8/31/2019,0
B,US,9/30/2019,0
B,US,10/31/2019,0
B,US,11/30/2019,210
B,US,12/31/2019,361
B,US,1/31/2020,0
B,US,2/29/2020,0
B,US,3/31/2020,0
B,US,4/30/2020,0
B,US,5/31/2020,216
B,US,6/30/2020,317
B,US,7/31/2020,0
B,US,8/31/2020,0
B,US,9/30/2020,0
B,US,10/31/2020,0
B,US,11/30/2020,222
B,US,12/31/2020,373
B,US,1/31/2021,0
B,US,2/28/2021,0
B,US,3/31/2021,0
B,US,4/30/2021,0
C,US,1/31/2019,50
C,US,1/31/2019,50
C,US,2/28/2019,51
C,US,1/31/2019,50
C,US,2/28/2019,51
C,US,3/31/2019,51
C,US,1/31/2019,50
C,US,2/28/2019,51
C,US,3/31/2019,51
C,US,4/30/2019,52
C,US,1/31/2019,50
C,US,2/28/2019,51
C,US,3/31/2019,51
C,US,4/30/2019,52
C,US,5/31/2019,52
C,US,1/31/2019,50
C,US,2/28/2019,51
C,US,3/31/2019,51
C,US,4/30/2019,52
C,US,5/31/2019,52
C,US,6/30/2019,53
C,US,1/31/2019,50
C,US,2/28/2019,51
C,US,3/31/2019,51
C,US,4/30/2019,52
C,US,5/31/2019,52
C,US,6/30/2019,53
C,US,7/31/2019,53
C,US,1/31/2019,50
C,US,2/28/2019,51
C,US,3/31/2019,51
C,US,4/30/2019,52
C,US,5/31/2019,52
C,US,6/30/2019,53
C,US,7/31/2019,53
C,US,8/31/2019,54
C,US,1/31/2019,50
C,US,2/28/2019,51
C,US,3/31/2019,51
C,US,4/30/2019,52
C,US,5/31/2019,52
C,US,6/30/2019,53
C,US,7/31/2019,53
C,US,8/31/2019,54
C,US,9/30/2019,54
C,US,1/31/2019,50
C,US,2/28/2019,51
C,US,3/31/2019,51
C,US,4/30/2019,52
C,US,5/31/2019,52
C,US,6/30/2019,53
C,US,7/31/2019,53
C,US,8/31/2019,54
C,US,9/30/2019,54
C,US,10/31/2019,55
C,US,1/31/2019,50
C,US,2/28/2019,51
C,US,3/31/2019,51
C,US,4/30/2019,52
C,US,5/31/2019,52
C,US,6/30/2019,53
C,US,7/31/2019,53
C,US,8/31/2019,54
C,US,9/30/2019,54
C,US,10/31/2019,55
C,US,11/30/2019,55
C,US,1/31/2019,50
C,US,2/28/2019,51
C,US,3/31/2019,51
C,US,4/30/2019,52
C,US,5/31/2019,52
C,US,6/30/2019,53
C,US,7/31/2019,53
C,US,8/31/2019,54
C,US,9/30/2019,54
C,US,10/31/2019,55
C,US,11/30/2019,55
C,US,12/31/2019,56
C,US,1/31/2019,50
C,US,2/28/2019,51
C,US,3/31/2019,51
C,US,4/30/2019,52
C,US,5/31/2019,52
C,US,6/30/2019,53
C,US,7/31/2019,53
C,US,8/31/2019,54
C,US,9/30/2019,54
C,US,10/31/2019,55
C,US,11/30/2019,55
C,US,12/31/2019,56
C,US,1/31/2020,56
C,US,1/31/2019,50
C,US,2/28/2019,51
C,US,3/31/2019,51
C,US,4/30/2019,52
C,US,5/31/2019,52
C,US,6/30/2019,53
C,US,7/31/2019,53
C,US,8/31/2019,54
C,US,9/30/2019,54
C,US,10/31/2019,55
C,US,11/30/2019,55
C,US,12/31/2019,56
C,US,1/31/2020,56
C,US,2/29/2020,57
C,US,1/31/2019,50
C,US,2/28/2019,51
C,US,3/31/2019,51
C,US,4/30/2019,52
C,US,5/31/2019,52
C,US,6/30/2019,53
C,US,7/31/2019,53
C,US,8/31/2019,54
C,US,9/30/2019,54
C,US,10/31/2019,55
C,US,11/30/2019,55
C,US,12/31/2019,56
C,US,1/31/2020,56
C,US,2/29/2020,57
C,US,3/31/2020,57
C,US,1/31/2019,50
C,US,2/28/2019,51
C,US,3/31/2019,51
C,US,4/30/2019,52
C,US,5/31/2019,52
C,US,6/30/2019,53
C,US,7/31/2019,53
C,US,8/31/2019,54
C,US,9/30/2019,54
C,US,10/31/2019,55
C,US,11/30/2019,55
C,US,12/31/2019,56
C,US,1/31/2020,56
C,US,2/29/2020,57
C,US,3/31/2020,57
C,US,4/30/2020,58
C,US,1/31/2019,50
C,US,2/28/2019,51
C,US,3/31/2019,51
C,US,4/30/2019,52
C,US,5/31/2019,52
C,US,6/30/2019,53
C,US,7/31/2019,53
C,US,8/31/2019,54
C,US,9/30/2019,54
C,US,10/31/2019,55
C,US,11/30/2019,55
C,US,12/31/2019,56
C,US,1/31/2020,56
C,US,2/29/2020,57
C,US,3/31/2020,57
C,US,4/30/2020,58
C,US,5/31/2020,58
C,US,1/31/2019,50
C,US,2/28/2019,51
C,US,3/31/2019,51
C,US,4/30/2019,52
C,US,5/31/2019,52
C,US,6/30/2019,53
C,US,7/31/2019,53
C,US,8/31/2019,54
C,US,9/30/2019,54
C,US,10/31/2019,55
C,US,11/30/2019,55
C,US,12/31/2019,56
C,US,1/31/2020,56
C,US,2/29/2020,57
C,US,3/31/2020,57
C,US,4/30/2020,58
C,US,5/31/2020,58
C,US,6/30/2020,59
C,US,1/31/2019,50
C,US,2/28/2019,51
C,US,3/31/2019,51
C,US,4/30/2019,52
C,US,5/31/2019,52
C,US,6/30/2019,53
C,US,7/31/2019,53
C,US,8/31/2019,54
C,US,9/30/2019,54
C,US,10/31/2019,55
C,US,11/30/2019,55
C,US,12/31/2019,56
C,US,1/31/2020,56
C,US,2/29/2020,57
C,US,3/31/2020,57
C,US,4/30/2020,58
C,US,5/31/2020,58
C,US,6/30/2020,59
C,US,7/31/2020,59
C,US,1/31/2019,50
C,US,2/28/2019,51
C,US,3/31/2019,51
C,US,4/30/2019,52
C,US,5/31/2019,52
C,US,6/30/2019,53
C,US,7/31/2019,53
C,US,8/31/2019,54
C,US,9/30/2019,54
C,US,10/31/2019,55
C,US,11/30/2019,55
C,US,12/31/2019,56
C,US,1/31/2020,56
C,US,2/29/2020,57
C,US,3/31/2020,57
C,US,4/30/2020,58
C,US,5/31/2020,58
C,US,6/30/2020,59
C,US,7/31/2020,59
C,US,8/31/2020,60
C,US,1/31/2019,50
C,US,2/28/2019,51
C,US,3/31/2019,51
C,US,4/30/2019,52
C,US,5/31/2019,52
C,US,6/30/2019,53
C,US,7/31/2019,53
C,US,8/31/2019,54
C,US,9/30/2019,54
C,US,10/31/2019,55
C,US,11/30/2019,55
C,US,12/31/2019,56
C,US,1/31/2020,56
C,US,2/29/2020,57
C,US,3/31/2020,57
C,US,4/30/2020,58
C,US,5/31/2020,58
C,US,6/30/2020,59
C,US,7/31/2020,59
C,US,8/31/2020,60
C,US,9/30/2020,60
C,US,1/31/2019,50
C,US,2/28/2019,51
C,US,3/31/2019,51
C,US,4/30/2019,52
C,US,5/31/2019,52
C,US,6/30/2019,53
C,US,7/31/2019,53
C,US,8/31/2019,54
C,US,9/30/2019,54
C,US,10/31/2019,55
C,US,11/30/2019,55
C,US,12/31/2019,56
C,US,1/31/2020,56
C,US,2/29/2020,57
C,US,3/31/2020,57
C,US,4/30/2020,58
C,US,5/31/2020,58
C,US,6/30/2020,59
C,US,7/31/2020,59
C,US,8/31/2020,60
C,US,9/30/2020,60
C,US,10/31/2020,61
C,US,1/31/2019,50
C,US,2/28/2019,51
C,US,3/31/2019,51
C,US,4/30/2019,52
C,US,5/31/2019,52
C,US,6/30/2019,53
C,US,7/31/2019,53
C,US,8/31/2019,54
C,US,9/30/2019,54
C,US,10/31/2019,55
C,US,11/30/2019,55
C,US,12/31/2019,56
C,US,1/31/2020,56
C,US,2/29/2020,57
C,US,3/31/2020,57
C,US,4/30/2020,58
C,US,5/31/2020,58
C,US,6/30/2020,59
C,US,7/31/2020,59
C,US,8/31/2020,60
C,US,9/30/2020,60
C,US,10/31/2020,61
C,US,11/30/2020,61
C,US,1/31/2019,50
C,US,2/28/2019,51
C,US,3/31/2019,51
C,US,4/30/2019,52
C,US,5/31/2019,52
C,US,6/30/2019,53
C,US,7/31/2019,53
C,US,8/31/2019,54
C,US,9/30/2019,54
C,US,10/31/2019,55
C,US,11/30/2019,55
C,US,12/31/2019,56
C,US,1/31/2020,56
C,US,2/29/2020,57
C,US,3/31/2020,57
C,US,4/30/2020,58
C,US,5/31/2020,58
C,US,6/30/2020,59
C,US,7/31/2020,59
C,US,8/31/2020,60
C,US,9/30/2020,60
C,US,10/31/2020,61
C,US,11/30/2020,61
C,US,12/31/2020,62
C,US,1/31/2019,50
C,US,2/28/2019,51
C,US,3/31/2019,51
C,US,4/30/2019,52
C,US,5/31/2019,52
C,US,6/30/2019,53
C,US,7/31/2019,53
C,US,8/31/2019,54
C,US,9/30/2019,54
C,US,10/31/2019,55
C,US,11/30/2019,55
C,US,12/31/2019,56
C,US,1/31/2020,56
C,US,2/29/2020,57
C,US,3/31/2020,57
C,US,4/30/2020,58
C,US,5/31/2020,58
C,US,6/30/2020,59
C,US,7/31/2020,59
C,US,8/31/2020,60
C,US,9/30/2020,60
C,US,10/31/2020,61
C,US,11/30/2020,61
C,US,12/31/2020,62
C,US,1/31/2021,62
C,US,1/31/2019,50
C,US,2/28/2019,51
C,US,3/31/2019,51
C,US,4/30/2019,52
C,US,5/31/2019,52
C,US,6/30/2019,53
C,US,7/31/2019,53
C,US,8/31/2019,54
C,US,9/30/2019,54
C,US,10/31/2019,55
C,US,11/30/2019,55
C,US,12/31/2019,56
C,US,1/31/2020,56
C,US,2/29/2020,57
C,US,3/31/2020,57
C,US,4/30/2020,58
C,US,5/31/2020,58
C,US,6/30/2020,59
C,US,7/31/2020,59
C,US,8/31/2020,60
C,US,9/30/2020,60
C,US,10/31/2020,61
C,US,11/30/2020,61
C,US,12/31/2020,62
C,US,1/31/2021,62
C,US,2/28/2021,63
C,US,1/31/2019,50
C,US,2/28/2019,51
C,US,3/31/2019,51
C,US,4/30/2019,52
C,US,5/31/2019,52
C,US,6/30/2019,53
C,US,7/31/2019,53
C,US,8/31/2019,54
C,US,9/30/2019,54
C,US,10/31/2019,55
C,US,11/30/2019,55
C,US,12/31/2019,56
C,US,1/31/2020,56
C,US,2/29/2020,57
C,US,3/31/2020,57
C,US,4/30/2020,58
C,US,5/31/2020,58
C,US,6/30/2020,59
C,US,7/31/2020,59
C,US,8/31/2020,60
C,US,9/30/2020,60
C,US,10/31/2020,61
C,US,11/30/2020,61
C,US,12/31/2020,62
C,US,1/31/2021,62
C,US,2/28/2021,63
C,US,3/31/2021,63
C,US,1/31/2019,50
C,US,2/28/2019,51
C,US,3/31/2019,51
C,US,4/30/2019,52
C,US,5/31/2019,52
C,US,6/30/2019,53
C,US,7/31/2019,53
C,US,8/31/2019,54
C,US,9/30/2019,54
C,US,10/31/2019,55
C,US,11/30/2019,55
C,US,12/31/2019,56
C,US,1/31/2020,56
C,US,2/29/2020,57
C,US,3/31/2020,57
C,US,4/30/2020,58
C,US,5/31/2020,58
C,US,6/30/2020,59
C,US,7/31/2020,59
C,US,8/31/2020,60
C,US,9/30/2020,60
C,US,10/31/2020,61
C,US,11/30/2020,61
C,US,12/31/2020,62
C,US,1/31/2021,62
C,US,2/28/2021,63
C,US,3/31/2021,63
C,US,4/30/2021,63
A,CA,1/31/2019,17
A,CA,1/31/2019,17
A,CA,1/31/2019,17
A,CA,1/31/2019,17
A,CA,1/31/2019,17
A,CA,1/31/2019,17
A,CA,1/31/2019,17
A,CA,1/31/2019,17
A,CA,1/31/2019,17
A,CA,1/31/2019,17
A,CA,1/31/2019,17
A,CA,1/31/2019,17
A,CA,1/31/2019,17
A,CA,1/31/2019,17
A,CA,1/31/2019,17
A,CA,1/31/2019,17
A,CA,1/31/2019,17
A,CA,1/31/2019,17
A,CA,1/31/2019,17
A,CA,1/31/2019,17
A,CA,1/31/2019,17
A,CA,1/31/2019,17
A,CA,1/31/2019,17
A,CA,1/31/2019,17
A,CA,1/31/2019,17
A,CA,1/31/2019,17
A,CA,1/31/2019,17
A,CA,1/31/2019,17
A,CA,2/28/2019,14
A,CA,2/28/2019,14
A,CA,2/28/2019,14
A,CA,2/28/2019,14
A,CA,2/28/2019,14
A,CA,2/28/2019,14
A,CA,2/28/2019,14
A,CA,2/28/2019,14
A,CA,2/28/2019,14
A,CA,2/28/2019,14
A,CA,2/28/2019,14
A,CA,2/28/2019,14
A,CA,2/28/2019,14
A,CA,2/28/2019,14
A,CA,2/28/2019,14
A,CA,2/28/2019,14
A,CA,2/28/2019,14
A,CA,2/28/2019,14
A,CA,2/28/2019,14
A,CA,2/28/2019,14
A,CA,2/28/2019,14
A,CA,2/28/2019,14
A,CA,2/28/2019,14
A,CA,2/28/2019,14
A,CA,2/28/2019,14
A,CA,2/28/2019,14
A,CA,2/28/2019,14
A,CA,3/31/2019,16
A,CA,3/31/2019,16
A,CA,3/31/2019,16
A,CA,3/31/2019,16
A,CA,3/31/2019,16
A,CA,3/31/2019,16
A,CA,3/31/2019,16
A,CA,3/31/2019,16
A,CA,3/31/2019,16
A,CA,3/31/2019,16
A,CA,3/31/2019,16
A,CA,3/31/2019,16
A,CA,3/31/2019,16
A,CA,3/31/2019,16
A,CA,3/31/2019,16
A,CA,3/31/2019,16
A,CA,3/31/2019,16
A,CA,3/31/2019,16
A,CA,3/31/2019,16
A,CA,3/31/2019,16
A,CA,3/31/2019,16
A,CA,3/31/2019,16
A,CA,3/31/2019,16
A,CA,3/31/2019,16
A,CA,3/31/2019,16
A,CA,3/31/2019,16
A,CA,4/30/2019,20
A,CA,4/30/2019,20
A,CA,4/30/2019,20
A,CA,4/30/2019,20
A,CA,4/30/2019,20
A,CA,4/30/2019,20
A,CA,4/30/2019,20
A,CA,4/30/2019,20
A,CA,4/30/2019,20
A,CA,4/30/2019,20
A,CA,4/30/2019,20
A,CA,4/30/2019,20
A,CA,4/30/2019,20
A,CA,4/30/2019,20
A,CA,4/30/2019,20
A,CA,4/30/2019,20
A,CA,4/30/2019,20
A,CA,4/30/2019,20
A,CA,4/30/2019,20
A,CA,4/30/2019,20
A,CA,4/30/2019,20
A,CA,4/30/2019,20
A,CA,4/30/2019,20
A,CA,4/30/2019,20
A,CA,4/30/2019,20
A,CA,5/31/2019,22
A,CA,5/31/2019,22
A,CA,5/31/2019,22
A,CA,5/31/2019,22
A,CA,5/31/2019,22
A,CA,5/31/2019,22
A,CA,5/31/2019,22
A,CA,5/31/2019,22
A,CA,5/31/2019,22
A,CA,5/31/2019,22
A,CA,5/31/2019,22
A,CA,5/31/2019,22
A,CA,5/31/2019,22
A,CA,5/31/2019,22
A,CA,5/31/2019,22
A,CA,5/31/2019,22
A,CA,5/31/2019,22
A,CA,5/31/2019,22
A,CA,5/31/2019,22
A,CA,5/31/2019,22
A,CA,5/31/2019,22
A,CA,5/31/2019,22
A,CA,5/31/2019,22
A,CA,5/31/2019,22
A,CA,6/30/2019,22
A,CA,6/30/2019,22
A,CA,6/30/2019,22
A,CA,6/30/2019,22
A,CA,6/30/2019,22
A,CA,6/30/2019,22
A,CA,6/30/2019,22
A,CA,6/30/2019,22
A,CA,6/30/2019,22
A,CA,6/30/2019,22
A,CA,6/30/2019,22
A,CA,6/30/2019,22
A,CA,6/30/2019,22
A,CA,6/30/2019,22
A,CA,6/30/2019,22
A,CA,6/30/2019,22
A,CA,6/30/2019,22
A,CA,6/30/2019,22
A,CA,6/30/2019,22
A,CA,6/30/2019,22
A,CA,6/30/2019,22
A,CA,6/30/2019,22
A,CA,6/30/2019,22
A,CA,7/31/2019,22
A,CA,7/31/2019,22
A,CA,7/31/2019,22
A,CA,7/31/2019,22
A,CA,7/31/2019,22
A,CA,7/31/2019,22
A,CA,7/31/2019,22
A,CA,7/31/2019,22
A,CA,7/31/2019,22
A,CA,7/31/2019,22
A,CA,7/31/2019,22
A,CA,7/31/2019,22
A,CA,7/31/2019,22
A,CA,7/31/2019,22
A,CA,7/31/2019,22
A,CA,7/31/2019,22
A,CA,7/31/2019,22
A,CA,7/31/2019,22
A,CA,7/31/2019,22
A,CA,7/31/2019,22
A,CA,7/31/2019,22
A,CA,7/31/2019,22
A,CA,8/31/2019,20
A,CA,8/31/2019,20
A,CA,8/31/2019,20
A,CA,8/31/2019,20
A,CA,8/31/2019,20
A,CA,8/31/2019,20
A,CA,8/31/2019,20
A,CA,8/31/2019,20
A,CA,8/31/2019,20
A,CA,8/31/2019,20
A,CA,8/31/2019,20
A,CA,8/31/2019,20
A,CA,8/31/2019,20
A,CA,8/31/2019,20
A,CA,8/31/2019,20
A,CA,8/31/2019,20
A,CA,8/31/2019,20
A,CA,8/31/2019,20
A,CA,8/31/2019,20
A,CA,8/31/2019,20
A,CA,8/31/2019,20
A,CA,9/30/2019,22
A,CA,9/30/2019,22
A,CA,9/30/2019,22
A,CA,9/30/2019,22
A,CA,9/30/2019,22
A,CA,9/30/2019,22
A,CA,9/30/2019,22
A,CA,9/30/2019,22
A,CA,9/30/2019,22
A,CA,9/30/2019,22
A,CA,9/30/2019,22
A,CA,9/30/2019,22
A,CA,9/30/2019,22
A,CA,9/30/2019,22
A,CA,9/30/2019,22
A,CA,9/30/2019,22
A,CA,9/30/2019,22
A,CA,9/30/2019,22
A,CA,9/30/2019,22
A,CA,9/30/2019,22
A,CA,10/31/2019,26
A,CA,10/31/2019,26
A,CA,10/31/2019,26
A,CA,10/31/2019,26
A,CA,10/31/2019,26
A,CA,10/31/2019,26
A,CA,10/31/2019,26
A,CA,10/31/2019,26
A,CA,10/31/2019,26
A,CA,10/31/2019,26
A,CA,10/31/2019,26
A,CA,10/31/2019,26
A,CA,10/31/2019,26
A,CA,10/31/2019,26
A,CA,10/31/2019,26
A,CA,10/31/2019,26
A,CA,10/31/2019,26
A,CA,10/31/2019,26
A,CA,10/31/2019,26
A,CA,11/30/2019,28
A,CA,11/30/2019,28
A,CA,11/30/2019,28
A,CA,11/30/2019,28
A,CA,11/30/2019,28
A,CA,11/30/2019,28
A,CA,11/30/2019,28
A,CA,11/30/2019,28
A,CA,11/30/2019,28
A,CA,11/30/2019,28
A,CA,11/30/2019,28
A,CA,11/30/2019,28
A,CA,11/30/2019,28
A,CA,11/30/2019,28
A,CA,11/30/2019,28
A,CA,11/30/2019,28
A,CA,11/30/2019,28
A,CA,11/30/2019,28
A,CA,12/31/2019,34
A,CA,12/31/2019,34
A,CA,12/31/2019,34
A,CA,12/31/2019,34
A,CA,12/31/2019,34
A,CA,12/31/2019,34
A,CA,12/31/2019,34
A,CA,12/31/2019,34
A,CA,12/31/2019,34
A,CA,12/31/2019,34
A,CA,12/31/2019,34
A,CA,12/31/2019,34
A,CA,12/31/2019,34
A,CA,12/31/2019,34
A,CA,12/31/2019,34
A,CA,12/31/2019,34
A,CA,12/31/2019,34
A,CA,1/31/2020,29
A,CA,1/31/2020,29
A,CA,1/31/2020,29
A,CA,1/31/2020,29
A,CA,1/31/2020,29
A,CA,1/31/2020,29
A,CA,1/31/2020,29
A,CA,1/31/2020,29
A,CA,1/31/2020,29
A,CA,1/31/2020,29
A,CA,1/31/2020,29
A,CA,1/31/2020,29
A,CA,1/31/2020,29
A,CA,1/31/2020,29
A,CA,1/31/2020,29
A,CA,1/31/2020,29
A,CA,2/29/2020,26
A,CA,2/29/2020,26
A,CA,2/29/2020,26
A,CA,2/29/2020,26
A,CA,2/29/2020,26
A,CA,2/29/2020,26
A,CA,2/29/2020,26
A,CA,2/29/2020,26
A,CA,2/29/2020,26
A,CA,2/29/2020,26
A,CA,2/29/2020,26
A,CA,2/29/2020,26
A,CA,2/29/2020,26
A,CA,2/29/2020,26
A,CA,2/29/2020,26
A,CA,3/31/2020,28
A,CA,3/31/2020,28
A,CA,3/31/2020,28
A,CA,3/31/2020,28
A,CA,3/31/2020,28
A,CA,3/31/2020,28
A,CA,3/31/2020,28
A,CA,3/31/2020,28
A,CA,3/31/2020,28
A,CA,3/31/2020,28
A,CA,3/31/2020,28
A,CA,3/31/2020,28
A,CA,3/31/2020,28
A,CA,3/31/2020,28
A,CA,4/30/2020,32
A,CA,4/30/2020,32
A,CA,4/30/2020,32
A,CA,4/30/2020,32
A,CA,4/30/2020,32
A,CA,4/30/2020,32
A,CA,4/30/2020,32
A,CA,4/30/2020,32
A,CA,4/30/2020,32
A,CA,4/30/2020,32
A,CA,4/30/2020,32
A,CA,4/30/2020,32
A,CA,4/30/2020,32
A,CA,5/31/2020,34
A,CA,5/31/2020,34
A,CA,5/31/2020,34
A,CA,5/31/2020,34
A,CA,5/31/2020,34
A,CA,5/31/2020,34
A,CA,5/31/2020,34
A,CA,5/31/2020,34
A,CA,5/31/2020,34
A,CA,5/31/2020,34
A,CA,5/31/2020,34
A,CA,5/31/2020,34
A,CA,6/30/2020,34
A,CA,6/30/2020,34
A,CA,6/30/2020,34
A,CA,6/30/2020,34
A,CA,6/30/2020,34
A,CA,6/30/2020,34
A,CA,6/30/2020,34
A,CA,6/30/2020,34
A,CA,6/30/2020,34
A,CA,6/30/2020,34
A,CA,6/30/2020,34
A,CA,7/31/2020,34
A,CA,7/31/2020,34
A,CA,7/31/2020,34
A,CA,7/31/2020,34
A,CA,7/31/2020,34
A,CA,7/31/2020,34
A,CA,7/31/2020,34
A,CA,7/31/2020,34
A,CA,7/31/2020,34
A,CA,7/31/2020,34
A,CA,8/31/2020,32
A,CA,8/31/2020,32
A,CA,8/31/2020,32
A,CA,8/31/2020,32
A,CA,8/31/2020,32
A,CA,8/31/2020,32
A,CA,8/31/2020,32
A,CA,8/31/2020,32
A,CA,8/31/2020,32
A,CA,9/30/2020,34
A,CA,9/30/2020,34
A,CA,9/30/2020,34
A,CA,9/30/2020,34
A,CA,9/30/2020,34
A,CA,9/30/2020,34
A,CA,9/30/2020,34
A,CA,9/30/2020,34
A,CA,10/31/2020,38
A,CA,10/31/2020,38
A,CA,10/31/2020,38
A,CA,10/31/2020,38
A,CA,10/31/2020,38
A,CA,10/31/2020,38
A,CA,10/31/2020,38
A,CA,11/30/2020,40
A,CA,11/30/2020,40
A,CA,11/30/2020,40
A,CA,11/30/2020,40
A,CA,11/30/2020,40
A,CA,11/30/2020,40
A,CA,12/31/2020,46
A,CA,12/31/2020,46
A,CA,12/31/2020,46
A,CA,12/31/2020,46
A,CA,12/31/2020,46
A,CA,1/31/2021,41
A,CA,1/31/2021,41
A,CA,1/31/2021,41
A,CA,1/31/2021,41
A,CA,2/28/2021,38
A,CA,2/28/2021,38
A,CA,2/28/2021,38
A,CA,3/31/2021,40
A,CA,3/31/2021,40
A,CA,4/30/2021,43
B,CA,1/31/2019,0
B,CA,1/31/2019,0
B,CA,1/31/2019,0
B,CA,1/31/2019,0
B,CA,1/31/2019,0
B,CA,1/31/2019,0
B,CA,1/31/2019,0
B,CA,1/31/2019,0
B,CA,1/31/2019,0
B,CA,1/31/2019,0
B,CA,1/31/2019,0
B,CA,1/31/2019,0
B,CA,1/31/2019,0
B,CA,1/31/2019,0
B,CA,1/31/2019,0
B,CA,1/31/2019,0
B,CA,1/31/2019,0
B,CA,1/31/2019,0
B,CA,1/31/2019,0
B,CA,1/31/2019,0
B,CA,1/31/2019,0
B,CA,1/31/2019,0
B,CA,1/31/2019,0
B,CA,1/31/2019,0
B,CA,1/31/2019,0
B,CA,1/31/2019,0
B,CA,1/31/2019,0
B,CA,1/31/2019,0
B,CA,2/28/2019,0
B,CA,2/28/2019,0
B,CA,2/28/2019,0
B,CA,2/28/2019,0
B,CA,2/28/2019,0
B,CA,2/28/2019,0
B,CA,2/28/2019,0
B,CA,2/28/2019,0
B,CA,2/28/2019,0
B,CA,2/28/2019,0
B,CA,2/28/2019,0
B,CA,2/28/2019,0
B,CA,2/28/2019,0
B,CA,2/28/2019,0
B,CA,2/28/2019,0
B,CA,2/28/2019,0
B,CA,2/28/2019,0
B,CA,2/28/2019,0
B,CA,2/28/2019,0
B,CA,2/28/2019,0
B,CA,2/28/2019,0
B,CA,2/28/2019,0
B,CA,2/28/2019,0
B,CA,2/28/2019,0
B,CA,2/28/2019,0
B,CA,2/28/2019,0
B,CA,2/28/2019,0
B,CA,3/31/2019,0
B,CA,3/31/2019,0
B,CA,3/31/2019,0
B,CA,3/31/2019,0
B,CA,3/31/2019,0
B,CA,3/31/2019,0
B,CA,3/31/2019,0
B,CA,3/31/2019,0
B,CA,3/31/2019,0
B,CA,3/31/2019,0
B,CA,3/31/2019,0
B,CA,3/31/2019,0
B,CA,3/31/2019,0
B,CA,3/31/2019,0
B,CA,3/31/2019,0
B,CA,3/31/2019,0
B,CA,3/31/2019,0
B,CA,3/31/2019,0
B,CA,3/31/2019,0
B,CA,3/31/2019,0
B,CA,3/31/2019,0
B,CA,3/31/2019,0
B,CA,3/31/2019,0
B,CA,3/31/2019,0
B,CA,3/31/2019,0
B,CA,3/31/2019,0
B,CA,4/30/2019,0
B,CA,4/30/2019,0
B,CA,4/30/2019,0
B,CA,4/30/2019,0
B,CA,4/30/2019,0
B,CA,4/30/2019,0
B,CA,4/30/2019,0
B,CA,4/30/2019,0
B,CA,4/30/2019,0
B,CA,4/30/2019,0
B,CA,4/30/2019,0
B,CA,4/30/2019,0
B,CA,4/30/2019,0
B,CA,4/30/2019,0
B,CA,4/30/2019,0
B,CA,4/30/2019,0
B,CA,4/30/2019,0
B,CA,4/30/2019,0
B,CA,4/30/2019,0
B,CA,4/30/2019,0
B,CA,4/30/2019,0
B,CA,4/30/2019,0
B,CA,4/30/2019,0
B,CA,4/30/2019,0
B,CA,4/30/2019,0
B,CA,5/31/2019,31
B,CA,5/31/2019,31
B,CA,5/31/2019,31
B,CA,5/31/2019,31
B,CA,5/31/2019,31
B,CA,5/31/2019,31
B,CA,5/31/2019,31
B,CA,5/31/2019,31
B,CA,5/31/2019,31
B,CA,5/31/2019,31
B,CA,5/31/2019,31
B,CA,5/31/2019,31
B,CA,5/31/2019,31
B,CA,5/31/2019,31
B,CA,5/31/2019,31
B,CA,5/31/2019,31
B,CA,5/31/2019,31
B,CA,5/31/2019,31
B,CA,5/31/2019,31
B,CA,5/31/2019,31
B,CA,5/31/2019,31
B,CA,5/31/2019,31
B,CA,5/31/2019,31
B,CA,5/31/2019,31
B,CA,6/30/2019,46
B,CA,6/30/2019,46
B,CA,6/30/2019,46
B,CA,6/30/2019,46
B,CA,6/30/2019,46
B,CA,6/30/2019,46
B,CA,6/30/2019,46
B,CA,6/30/2019,46
B,CA,6/30/2019,46
B,CA,6/30/2019,46
B,CA,6/30/2019,46
B,CA,6/30/2019,46
B,CA,6/30/2019,46
B,CA,6/30/2019,46
B,CA,6/30/2019,46
B,CA,6/30/2019,46
B,CA,6/30/2019,46
B,CA,6/30/2019,46
B,CA,6/30/2019,46
B,CA,6/30/2019,46
B,CA,6/30/2019,46
B,CA,6/30/2019,46
B,CA,6/30/2019,46
B,CA,7/31/2019,0
B,CA,7/31/2019,0
B,CA,7/31/2019,0
B,CA,7/31/2019,0
B,CA,7/31/2019,0
B,CA,7/31/2019,0
B,CA,7/31/2019,0
B,CA,7/31/2019,0
B,CA,7/31/2019,0
B,CA,7/31/2019,0
B,CA,7/31/2019,0
B,CA,7/31/2019,0
B,CA,7/31/2019,0
B,CA,7/31/2019,0
B,CA,7/31/2019,0
B,CA,7/31/2019,0
B,CA,7/31/2019,0
B,CA,7/31/2019,0
B,CA,7/31/2019,0
B,CA,7/31/2019,0
B,CA,7/31/2019,0
B,CA,7/31/2019,0
B,CA,8/31/2019,0
B,CA,8/31/2019,0
B,CA,8/31/2019,0
B,CA,8/31/2019,0
B,CA,8/31/2019,0
B,CA,8/31/2019,0
B,CA,8/31/2019,0
B,CA,8/31/2019,0
B,CA,8/31/2019,0
B,CA,8/31/2019,0
B,CA,8/31/2019,0
B,CA,8/31/2019,0
B,CA,8/31/2019,0
B,CA,8/31/2019,0
B,CA,8/31/2019,0
B,CA,8/31/2019,0
B,CA,8/31/2019,0
B,CA,8/31/2019,0
B,CA,8/31/2019,0
B,CA,8/31/2019,0
B,CA,8/31/2019,0
B,CA,9/30/2019,0
B,CA,9/30/2019,0
B,CA,9/30/2019,0
B,CA,9/30/2019,0
B,CA,9/30/2019,0
B,CA,9/30/2019,0
B,CA,9/30/2019,0
B,CA,9/30/2019,0
B,CA,9/30/2019,0
B,CA,9/30/2019,0
B,CA,9/30/2019,0
B,CA,9/30/2019,0
B,CA,9/30/2019,0
B,CA,9/30/2019,0
B,CA,9/30/2019,0
B,CA,9/30/2019,0
B,CA,9/30/2019,0
B,CA,9/30/2019,0
B,CA,9/30/2019,0
B,CA,9/30/2019,0
B,CA,10/31/2019,0
B,CA,10/31/2019,0
B,CA,10/31/2019,0
B,CA,10/31/2019,0
B,CA,10/31/2019,0
B,CA,10/31/2019,0
B,CA,10/31/2019,0
B,CA,10/31/2019,0
B,CA,10/31/2019,0
B,CA,10/31/2019,0
B,CA,10/31/2019,0
B,CA,10/31/2019,0
B,CA,10/31/2019,0
B,CA,10/31/2019,0
B,CA,10/31/2019,0
B,CA,10/31/2019,0
B,CA,10/31/2019,0
B,CA,10/31/2019,0
B,CA,10/31/2019,0
B,CA,11/30/2019,32
B,CA,11/30/2019,32
B,CA,11/30/2019,32
B,CA,11/30/2019,32
B,CA,11/30/2019,32
B,CA,11/30/2019,32
B,CA,11/30/2019,32
B,CA,11/30/2019,32
B,CA,11/30/2019,32
B,CA,11/30/2019,32
B,CA,11/30/2019,32
B,CA,11/30/2019,32
B,CA,11/30/2019,32
B,CA,11/30/2019,32
B,CA,11/30/2019,32
B,CA,11/30/2019,32
B,CA,11/30/2019,32
B,CA,11/30/2019,32
B,CA,12/31/2019,54
B,CA,12/31/2019,54
B,CA,12/31/2019,54
B,CA,12/31/2019,54
B,CA,12/31/2019,54
B,CA,12/31/2019,54
B,CA,12/31/2019,54
B,CA,12/31/2019,54
B,CA,12/31/2019,54
B,CA,12/31/2019,54
B,CA,12/31/2019,54
B,CA,12/31/2019,54
B,CA,12/31/2019,54
B,CA,12/31/2019,54
B,CA,12/31/2019,54
B,CA,12/31/2019,54
B,CA,12/31/2019,54
B,CA,1/31/2020,0
B,CA,1/31/2020,0
B,CA,1/31/2020,0
B,CA,1/31/2020,0
B,CA,1/31/2020,0
B,CA,1/31/2020,0
B,CA,1/31/2020,0
B,CA,1/31/2020,0
B,CA,1/31/2020,0
B,CA,1/31/2020,0
B,CA,1/31/2020,0
B,CA,1/31/2020,0
B,CA,1/31/2020,0
B,CA,1/31/2020,0
B,CA,1/31/2020,0
B,CA,1/31/2020,0
B,CA,2/29/2020,0
B,CA,2/29/2020,0
B,CA,2/29/2020,0
B,CA,2/29/2020,0
B,CA,2/29/2020,0
B,CA,2/29/2020,0
B,CA,2/29/2020,0
B,CA,2/29/2020,0
B,CA,2/29/2020,0
B,CA,2/29/2020,0
B,CA,2/29/2020,0
B,CA,2/29/2020,0
B,CA,2/29/2020,0
B,CA,2/29/2020,0
B,CA,2/29/2020,0
B,CA,3/31/2020,0
B,CA,3/31/2020,0
B,CA,3/31/2020,0
B,CA,3/31/2020,0
B,CA,3/31/2020,0
B,CA,3/31/2020,0
B,CA,3/31/2020,0
B,CA,3/31/2020,0
B,CA,3/31/2020,0
B,CA,3/31/2020,0
B,CA,3/31/2020,0
B,CA,3/31/2020,0
B,CA,3/31/2020,0
B,CA,3/31/2020,0
B,CA,4/30/2020,0
B,CA,4/30/2020,0
B,CA,4/30/2020,0
B,CA,4/30/2020,0
B,CA,4/30/2020,0
B,CA,4/30/2020,0
B,CA,4/30/2020,0
B,CA,4/30/2020,0
B,CA,4/30/2020,0
B,CA,4/30/2020,0
B,CA,4/30/2020,0
B,CA,4/30/2020,0
B,CA,4/30/2020,0
B,CA,5/31/2020,32
B,CA,5/31/2020,32
B,CA,5/31/2020,32
B,CA,5/31/2020,32
B,CA,5/31/2020,32
B,CA,5/31/2020,32
B,CA,5/31/2020,32
B,CA,5/31/2020,32
B,CA,5/31/2020,32
B,CA,5/31/2020,32
B,CA,5/31/2020,32
B,CA,5/31/2020,32
B,CA,6/30/2020,48
B,CA,6/30/2020,48
B,CA,6/30/2020,48
B,CA,6/30/2020,48
B,CA,6/30/2020,48
B,CA,6/30/2020,48
B,CA,6/30/2020,48
B,CA,6/30/2020,48
B,CA,6/30/2020,48
B,CA,6/30/2020,48
B,CA,6/30/2020,48
B,CA,7/31/2020,0
B,CA,7/31/2020,0
B,CA,7/31/2020,0
B,CA,7/31/2020,0
B,CA,7/31/2020,0
B,CA,7/31/2020,0
B,CA,7/31/2020,0
B,CA,7/31/2020,0
B,CA,7/31/2020,0
B,CA,7/31/2020,0
B,CA,8/31/2020,0
B,CA,8/31/2020,0
B,CA,8/31/2020,0
B,CA,8/31/2020,0
B,CA,8/31/2020,0
B,CA,8/31/2020,0
B,CA,8/31/2020,0
B,CA,8/31/2020,0
B,CA,8/31/2020,0
B,CA,9/30/2020,0
B,CA,9/30/2020,0
B,CA,9/30/2020,0
B,CA,9/30/2020,0
B,CA,9/30/2020,0
B,CA,9/30/2020,0
B,CA,9/30/2020,0
B,CA,9/30/2020,0
B,CA,10/31/2020,0
B,CA,10/31/2020,0
B,CA,10/31/2020,0
B,CA,10/31/2020,0
B,CA,10/31/2020,0
B,CA,10/31/2020,0
B,CA,10/31/2020,0
B,CA,11/30/2020,33
B,CA,11/30/2020,33
B,CA,11/30/2020,33
B,CA,11/30/2020,33
B,CA,11/30/2020,33
B,CA,11/30/2020,33
B,CA,12/31/2020,56
B,CA,12/31/2020,56
B,CA,12/31/2020,56
B,CA,12/31/2020,56
B,CA,12/31/2020,56
B,CA,1/31/2021,0
B,CA,1/31/2021,0
B,CA,1/31/2021,0
B,CA,1/31/2021,0
B,CA,2/28/2021,0
B,CA,2/28/2021,0
B,CA,2/28/2021,0
B,CA,3/31/2021,0
B,CA,3/31/2021,0
B,CA,4/30/2021,0
C,CA,1/31/2019,8
C,CA,1/31/2019,8
C,CA,1/31/2019,8
C,CA,1/31/2019,8
C,CA,1/31/2019,8
C,CA,1/31/2019,8
C,CA,1/31/2019,8
C,CA,1/31/2019,8
C,CA,1/31/2019,8
C,CA,1/31/2019,8
C,CA,1/31/2019,8
C,CA,1/31/2019,8
C,CA,1/31/2019,8
C,CA,1/31/2019,8
C,CA,1/31/2019,8
C,CA,1/31/2019,8
C,CA,1/31/2019,8
C,CA,1/31/2019,8
C,CA,1/31/2019,8
C,CA,1/31/2019,8
C,CA,1/31/2019,8
C,CA,1/31/2019,8
C,CA,1/31/2019,8
C,CA,1/31/2019,8
C,CA,1/31/2019,8
C,CA,1/31/2019,8
C,CA,1/31/2019,8
C,CA,1/31/2019,8
C,CA,2/28/2019,8
C,CA,2/28/2019,8
C,CA,2/28/2019,8
C,CA,2/28/2019,8
C,CA,2/28/2019,8
C,CA,2/28/2019,8
C,CA,2/28/2019,8
C,CA,2/28/2019,8
C,CA,2/28/2019,8
C,CA,2/28/2019,8
C,CA,2/28/2019,8
C,CA,2/28/2019,8
C,CA,2/28/2019,8
C,CA,2/28/2019,8
C,CA,2/28/2019,8
C,CA,2/28/2019,8
C,CA,2/28/2019,8
C,CA,2/28/2019,8
C,CA,2/28/2019,8
C,CA,2/28/2019,8
C,CA,2/28/2019,8
C,CA,2/28/2019,8
C,CA,2/28/2019,8
C,CA,2/28/2019,8
C,CA,2/28/2019,8
C,CA,2/28/2019,8
C,CA,2/28/2019,8
C,CA,3/31/2019,8
C,CA,3/31/2019,8
C,CA,3/31/2019,8
C,CA,3/31/2019,8
C,CA,3/31/2019,8
C,CA,3/31/2019,8
C,CA,3/31/2019,8
C,CA,3/31/2019,8
C,CA,3/31/2019,8
C,CA,3/31/2019,8
C,CA,3/31/2019,8
C,CA,3/31/2019,8
C,CA,3/31/2019,8
C,CA,3/31/2019,8
C,CA,3/31/2019,8
C,CA,3/31/2019,8
C,CA,3/31/2019,8
C,CA,3/31/2019,8
C,CA,3/31/2019,8
C,CA,3/31/2019,8
C,CA,3/31/2019,8
C,CA,3/31/2019,8
C,CA,3/31/2019,8
C,CA,3/31/2019,8
C,CA,3/31/2019,8
C,CA,3/31/2019,8
C,CA,4/30/2019,8
C,CA,4/30/2019,8
C,CA,4/30/2019,8
C,CA,4/30/2019,8
C,CA,4/30/2019,8
C,CA,4/30/2019,8
C,CA,4/30/2019,8
C,CA,4/30/2019,8
C,CA,4/30/2019,8
C,CA,4/30/2019,8
C,CA,4/30/2019,8
C,CA,4/30/2019,8
C,CA,4/30/2019,8
C,CA,4/30/2019,8
C,CA,4/30/2019,8
C,CA,4/30/2019,8
C,CA,4/30/2019,8
C,CA,4/30/2019,8
C,CA,4/30/2019,8
C,CA,4/30/2019,8
C,CA,4/30/2019,8
C,CA,4/30/2019,8
C,CA,4/30/2019,8
C,CA,4/30/2019,8
C,CA,4/30/2019,8
C,CA,5/31/2019,8
C,CA,5/31/2019,8
C,CA,5/31/2019,8
C,CA,5/31/2019,8
C,CA,5/31/2019,8
C,CA,5/31/2019,8
C,CA,5/31/2019,8
C,CA,5/31/2019,8
C,CA,5/31/2019,8
C,CA,5/31/2019,8
C,CA,5/31/2019,8
C,CA,5/31/2019,8
C,CA,5/31/2019,8
C,CA,5/31/2019,8
C,CA,5/31/2019,8
C,CA,5/31/2019,8
C,CA,5/31/2019,8
C,CA,5/31/2019,8
C,CA,5/31/2019,8
C,CA,5/31/2019,8
C,CA,5/31/2019,8
C,CA,5/31/2019,8
C,CA,5/31/2019,8
C,CA,5/31/2019,8
C,CA,6/30/2019,8
C,CA,6/30/2019,8
C,CA,6/30/2019,8
C,CA,6/30/2019,8
C,CA,6/30/2019,8
C,CA,6/30/2019,8
C,CA,6/30/2019,8
C,CA,6/30/2019,8
C,CA,6/30/2019,8
C,CA,6/30/2019,8
C,CA,6/30/2019,8
C,CA,6/30/2019,8
C,CA,6/30/2019,8
C,CA,6/30/2019,8
C,CA,6/30/2019,8
C,CA,6/30/2019,8
C,CA,6/30/2019,8
C,CA,6/30/2019,8
C,CA,6/30/2019,8
C,CA,6/30/2019,8
C,CA,6/30/2019,8
C,CA,6/30/2019,8
C,CA,6/30/2019,8
C,CA,7/31/2019,8
C,CA,7/31/2019,8
C,CA,7/31/2019,8
C,CA,7/31/2019,8
C,CA,7/31/2019,8
C,CA,7/31/2019,8
C,CA,7/31/2019,8
C,CA,7/31/2019,8
C,CA,7/31/2019,8
C,CA,7/31/2019,8
C,CA,7/31/2019,8
C,CA,7/31/2019,8
C,CA,7/31/2019,8
C,CA,7/31/2019,8
C,CA,7/31/2019,8
C,CA,7/31/2019,8
C,CA,7/31/2019,8
C,CA,7/31/2019,8
C,CA,7/31/2019,8
C,CA,7/31/2019,8
C,CA,7/31/2019,8
C,CA,7/31/2019,8
C,CA,8/31/2019,8
C,CA,8/31/2019,8
C,CA,8/31/2019,8
C,CA,8/31/2019,8
C,CA,8/31/2019,8
C,CA,8/31/2019,8
C,CA,8/31/2019,8
C,CA,8/31/2019,8
C,CA,8/31/2019,8
C,CA,8/31/2019,8
C,CA,8/31/2019,8
C,CA,8/31/2019,8
C,CA,8/31/2019,8
C,CA,8/31/2019,8
C,CA,8/31/2019,8
C,CA,8/31/2019,8
C,CA,8/31/2019,8
C,CA,8/31/2019,8
C,CA,8/31/2019,8
C,CA,8/31/2019,8
C,CA,8/31/2019,8
C,CA,9/30/2019,8
C,CA,9/30/2019,8
C,CA,9/30/2019,8
C,CA,9/30/2019,8
C,CA,9/30/2019,8
C,CA,9/30/2019,8
C,CA,9/30/2019,8
C,CA,9/30/2019,8
C,CA,9/30/2019,8
C,CA,9/30/2019,8
C,CA,9/30/2019,8
C,CA,9/30/2019,8
C,CA,9/30/2019,8
C,CA,9/30/2019,8
C,CA,9/30/2019,8
C,CA,9/30/2019,8
C,CA,9/30/2019,8
C,CA,9/30/2019,8
C,CA,9/30/2019,8
C,CA,9/30/2019,8
C,CA,10/31/2019,8
C,CA,10/31/2019,8
C,CA,10/31/2019,8
C,CA,10/31/2019,8
C,CA,10/31/2019,8
C,CA,10/31/2019,8
C,CA,10/31/2019,8
C,CA,10/31/2019,8
C,CA,10/31/2019,8
C,CA,10/31/2019,8
C,CA,10/31/2019,8
C,CA,10/31/2019,8
C,CA,10/31/2019,8
C,CA,10/31/2019,8
C,CA,10/31/2019,8
C,CA,10/31/2019,8
C,CA,10/31/2019,8
C,CA,10/31/2019,8
C,CA,10/31/2019,8
C,CA,11/30/2019,8
C,CA,11/30/2019,8
C,CA,11/30/2019,8
C,CA,11/30/2019,8
C,CA,11/30/2019,8
C,CA,11/30/2019,8
C,CA,11/30/2019,8
C,CA,11/30/2019,8
C,CA,11/30/2019,8
C,CA,11/30/2019,8
C,CA,11/30/2019,8
C,CA,11/30/2019,8
C,CA,11/30/2019,8
C,CA,11/30/2019,8
C,CA,11/30/2019,8
C,CA,11/30/2019,8
C,CA,11/30/2019,8
C,CA,11/30/2019,8
C,CA,12/31/2019,8
C,CA,12/31/2019,8
C,CA,12/31/2019,8
C,CA,12/31/2019,8
C,CA,12/31/2019,8
C,CA,12/31/2019,8
C,CA,12/31/2019,8
C,CA,12/31/2019,8
C,CA,12/31/2019,8
C,CA,12/31/2019,8
C,CA,12/31/2019,8
C,CA,12/31/2019,8
C,CA,12/31/2019,8
C,CA,12/31/2019,8
C,CA,12/31/2019,8
C,CA,12/31/2019,8
C,CA,12/31/2019,8
C,CA,1/31/2020,8
C,CA,1/31/2020,8
C,CA,1/31/2020,8
C,CA,1/31/2020,8
C,CA,1/31/2020,8
C,CA,1/31/2020,8
C,CA,1/31/2020,8
C,CA,1/31/2020,8
C,CA,1/31/2020,8
C,CA,1/31/2020,8
C,CA,1/31/2020,8
C,CA,1/31/2020,8
C,CA,1/31/2020,8
C,CA,1/31/2020,8
C,CA,1/31/2020,8
C,CA,1/31/2020,8
C,CA,2/29/2020,8
C,CA,2/29/2020,8
C,CA,2/29/2020,8
C,CA,2/29/2020,8
C,CA,2/29/2020,8
C,CA,2/29/2020,8
C,CA,2/29/2020,8
C,CA,2/29/2020,8
C,CA,2/29/2020,8
C,CA,2/29/2020,8
C,CA,2/29/2020,8
C,CA,2/29/2020,8
C,CA,2/29/2020,8
C,CA,2/29/2020,8
C,CA,2/29/2020,8
C,CA,3/31/2020,9
C,CA,3/31/2020,9
C,CA,3/31/2020,9
C,CA,3/31/2020,9
C,CA,3/31/2020,9
C,CA,3/31/2020,9
C,CA,3/31/2020,9
C,CA,3/31/2020,9
C,CA,3/31/2020,9
C,CA,3/31/2020,9
C,CA,3/31/2020,9
C,CA,3/31/2020,9
C,CA,3/31/2020,9
C,CA,3/31/2020,9
C,CA,4/30/2020,9
C,CA,4/30/2020,9
C,CA,4/30/2020,9
C,CA,4/30/2020,9
C,CA,4/30/2020,9
C,CA,4/30/2020,9
C,CA,4/30/2020,9
C,CA,4/30/2020,9
C,CA,4/30/2020,9
C,CA,4/30/2020,9
C,CA,4/30/2020,9
C,CA,4/30/2020,9
C,CA,4/30/2020,9
C,CA,5/31/2020,9
C,CA,5/31/2020,9
C,CA,5/31/2020,9
C,CA,5/31/2020,9
C,CA,5/31/2020,9
C,CA,5/31/2020,9
C,CA,5/31/2020,9
C,CA,5/31/2020,9
C,CA,5/31/2020,9
C,CA,5/31/2020,9
C,CA,5/31/2020,9
C,CA,5/31/2020,9
C,CA,6/30/2020,9
C,CA,6/30/2020,9
C,CA,6/30/2020,9
C,CA,6/30/2020,9
C,CA,6/30/2020,9
C,CA,6/30/2020,9
C,CA,6/30/2020,9
C,CA,6/30/2020,9
C,CA,6/30/2020,9
C,CA,6/30/2020,9
C,CA,6/30/2020,9
C,CA,7/31/2020,9
C,CA,7/31/2020,9
C,CA,7/31/2020,9
C,CA,7/31/2020,9
C,CA,7/31/2020,9
C,CA,7/31/2020,9
C,CA,7/31/2020,9
C,CA,7/31/2020,9
C,CA,7/31/2020,9
C,CA,7/31/2020,9
C,CA,8/31/2020,9
C,CA,8/31/2020,9
C,CA,8/31/2020,9
C,CA,8/31/2020,9
C,CA,8/31/2020,9
C,CA,8/31/2020,9
C,CA,8/31/2020,9
C,CA,8/31/2020,9
C,CA,8/31/2020,9
C,CA,9/30/2020,9
C,CA,9/30/2020,9
C,CA,9/30/2020,9
C,CA,9/30/2020,9
C,CA,9/30/2020,9
C,CA,9/30/2020,9
C,CA,9/30/2020,9
C,CA,9/30/2020,9
C,CA,10/31/2020,9
C,CA,10/31/2020,9
C,CA,10/31/2020,9
C,CA,10/31/2020,9
C,CA,10/31/2020,9
C,CA,10/31/2020,9
C,CA,10/31/2020,9
C,CA,11/30/2020,9
C,CA,11/30/2020,9
C,CA,11/30/2020,9
C,CA,11/30/2020,9
C,CA,11/30/2020,9
C,CA,11/30/2020,9
C,CA,12/31/2020,9
C,CA,12/31/2020,9
C,CA,12/31/2020,9
C,CA,12/31/2020,9
C,CA,12/31/2020,9
C,CA,1/31/2021,9
C,CA,1/31/2021,9
C,CA,1/31/2021,9
C,CA,1/31/2021,9
C,CA,2/28/2021,9
C,CA,2/28/2021,9
C,CA,2/28/2021,9
C,CA,3/31/2021,9
C,CA,3/31/2021,9
C,CA,4/30/2021,10
A,GB,1/31/2019,96
A,GB,1/31/2019,96
A,GB,1/31/2019,96
A,GB,1/31/2019,96
A,GB,1/31/2019,96
A,GB,1/31/2019,96
A,GB,1/31/2019,96
A,GB,1/31/2019,96
A,GB,1/31/2019,96
A,GB,1/31/2019,96
A,GB,1/31/2019,96
A,GB,1/31/2019,96
A,GB,1/31/2019,96
A,GB,1/31/2019,96
A,GB,1/31/2019,96
A,GB,1/31/2019,96
A,GB,1/31/2019,96
A,GB,1/31/2019,96
A,GB,1/31/2019,96
A,GB,1/31/2019,96
A,GB,1/31/2019,96
A,GB,1/31/2019,96
A,GB,1/31/2019,96
A,GB,1/31/2019,96
A,GB,1/31/2019,96
A,GB,1/31/2019,96
A,GB,1/31/2019,96
A,GB,1/31/2019,96
A,GB,2/28/2019,57
A,GB,2/28/2019,57
A,GB,2/28/2019,57
A,GB,2/28/2019,57
A,GB,2/28/2019,57
A,GB,2/28/2019,57
A,GB,2/28/2019,57
A,GB,2/28/2019,57
A,GB,2/28/2019,57
A,GB,2/28/2019,57
A,GB,2/28/2019,57
A,GB,2/28/2019,57
A,GB,2/28/2019,57
A,GB,2/28/2019,57
A,GB,2/28/2019,57
A,GB,2/28/2019,57
A,GB,2/28/2019,57
A,GB,2/28/2019,57
A,GB,2/28/2019,57
A,GB,2/28/2019,57
A,GB,2/28/2019,57
A,GB,2/28/2019,57
A,GB,2/28/2019,57
A,GB,2/28/2019,57
A,GB,2/28/2019,57
A,GB,2/28/2019,57
A,GB,2/28/2019,57
A,GB,3/31/2019,66
A,GB,3/31/2019,66
A,GB,3/31/2019,66
A,GB,3/31/2019,66
A,GB,3/31/2019,66
A,GB,3/31/2019,66
A,GB,3/31/2019,66
A,GB,3/31/2019,66
A,GB,3/31/2019,66
A,GB,3/31/2019,66
A,GB,3/31/2019,66
A,GB,3/31/2019,66
A,GB,3/31/2019,66
A,GB,3/31/2019,66
A,GB,3/31/2019,66
A,GB,3/31/2019,66
A,GB,3/31/2019,66
A,GB,3/31/2019,66
A,GB,3/31/2019,66
A,GB,3/31/2019,66
A,GB,3/31/2019,66
A,GB,3/31/2019,66
A,GB,3/31/2019,66
A,GB,3/31/2019,66
A,GB,3/31/2019,66
A,GB,3/31/2019,66
A,GB,4/30/2019,98
A,GB,4/30/2019,98
A,GB,4/30/2019,98
A,GB,4/30/2019,98
A,GB,4/30/2019,98
A,GB,4/30/2019,98
A,GB,4/30/2019,98
A,GB,4/30/2019,98
A,GB,4/30/2019,98
A,GB,4/30/2019,98
A,GB,4/30/2019,98
A,GB,4/30/2019,98
A,GB,4/30/2019,98
A,GB,4/30/2019,98
A,GB,4/30/2019,98
A,GB,4/30/2019,98
A,GB,4/30/2019,98
A,GB,4/30/2019,98
A,GB,4/30/2019,98
A,GB,4/30/2019,98
A,GB,4/30/2019,98
A,GB,4/30/2019,98
A,GB,4/30/2019,98
A,GB,4/30/2019,98
A,GB,4/30/2019,98
A,GB,5/31/2019,115
A,GB,5/31/2019,115
A,GB,5/31/2019,115
A,GB,5/31/2019,115
A,GB,5/31/2019,115
A,GB,5/31/2019,115
A,GB,5/31/2019,115
A,GB,5/31/2019,115
A,GB,5/31/2019,115
A,GB,5/31/2019,115
A,GB,5/31/2019,115
A,GB,5/31/2019,115
A,GB,5/31/2019,115
A,GB,5/31/2019,115
A,GB,5/31/2019,115
A,GB,5/31/2019,115
A,GB,5/31/2019,115
A,GB,5/31/2019,115
A,GB,5/31/2019,115
A,GB,5/31/2019,115
A,GB,5/31/2019,115
A,GB,5/31/2019,115
A,GB,5/31/2019,115
A,GB,5/31/2019,115
A,GB,6/30/2019,100
A,GB,6/30/2019,100
A,GB,6/30/2019,100
A,GB,6/30/2019,100
A,GB,6/30/2019,100
A,GB,6/30/2019,100
A,GB,6/30/2019,100
A,GB,6/30/2019,100
A,GB,6/30/2019,100
A,GB,6/30/2019,100
A,GB,6/30/2019,100
A,GB,6/30/2019,100
A,GB,6/30/2019,100
A,GB,6/30/2019,100
A,GB,6/30/2019,100
A,GB,6/30/2019,100
A,GB,6/30/2019,100
A,GB,6/30/2019,100
A,GB,6/30/2019,100
A,GB,6/30/2019,100
A,GB,6/30/2019,100
A,GB,6/30/2019,100
A,GB,6/30/2019,100
A,GB,7/31/2019,93
A,GB,7/31/2019,93
A,GB,7/31/2019,93
A,GB,7/31/2019,93
A,GB,7/31/2019,93
A,GB,7/31/2019,93
A,GB,7/31/2019,93
A,GB,7/31/2019,93
A,GB,7/31/2019,93
A,GB,7/31/2019,93
A,GB,7/31/2019,93
A,GB,7/31/2019,93
A,GB,7/31/2019,93
A,GB,7/31/2019,93
A,GB,7/31/2019,93
A,GB,7/31/2019,93
A,GB,7/31/2019,93
A,GB,7/31/2019,93
A,GB,7/31/2019,93
A,GB,7/31/2019,93
A,GB,7/31/2019,93
A,GB,7/31/2019,93
A,GB,8/31/2019,62
A,GB,8/31/2019,62
A,GB,8/31/2019,62
A,GB,8/31/2019,62
A,GB,8/31/2019,62
A,GB,8/31/2019,62
A,GB,8/31/2019,62
A,GB,8/31/2019,62
A,GB,8/31/2019,62
A,GB,8/31/2019,62
A,GB,8/31/2019,62
A,GB,8/31/2019,62
A,GB,8/31/2019,62
A,GB,8/31/2019,62
A,GB,8/31/2019,62
A,GB,8/31/2019,62
A,GB,8/31/2019,62
A,GB,8/31/2019,62
A,GB,8/31/2019,62
A,GB,8/31/2019,62
A,GB,8/31/2019,62
A,GB,9/30/2019,70
A,GB,9/30/2019,70
A,GB,9/30/2019,70
A,GB,9/30/2019,70
A,GB,9/30/2019,70
A,GB,9/30/2019,70
A,GB,9/30/2019,70
A,GB,9/30/2019,70
A,GB,9/30/2019,70
A,GB,9/30/2019,70
A,GB,9/30/2019,70
A,GB,9/30/2019,70
A,GB,9/30/2019,70
A,GB,9/30/2019,70
A,GB,9/30/2019,70
A,GB,9/30/2019,70
A,GB,9/30/2019,70
A,GB,9/30/2019,70
A,GB,9/30/2019,70
A,GB,9/30/2019,70
A,GB,10/31/2019,103
A,GB,10/31/2019,103
A,GB,10/31/2019,103
A,GB,10/31/2019,103
A,GB,10/31/2019,103
A,GB,10/31/2019,103
A,GB,10/31/2019,103
A,GB,10/31/2019,103
A,GB,10/31/2019,103
A,GB,10/31/2019,103
A,GB,10/31/2019,103
A,GB,10/31/2019,103
A,GB,10/31/2019,103
A,GB,10/31/2019,103
A,GB,10/31/2019,103
A,GB,10/31/2019,103
A,GB,10/31/2019,103
A,GB,10/31/2019,103
A,GB,10/31/2019,103
A,GB,11/30/2019,120
A,GB,11/30/2019,120
A,GB,11/30/2019,120
A,GB,11/30/2019,120
A,GB,11/30/2019,120
A,GB,11/30/2019,120
A,GB,11/30/2019,120
A,GB,11/30/2019,120
A,GB,11/30/2019,120
A,GB,11/30/2019,120
A,GB,11/30/2019,120
A,GB,11/30/2019,120
A,GB,11/30/2019,120
A,GB,11/30/2019,120
A,GB,11/30/2019,120
A,GB,11/30/2019,120
A,GB,11/30/2019,120
A,GB,11/30/2019,120
A,GB,12/31/2019,169
A,GB,12/31/2019,169
A,GB,12/31/2019,169
A,GB,12/31/2019,169
A,GB,12/31/2019,169
A,GB,12/31/2019,169
A,GB,12/31/2019,169
A,GB,12/31/2019,169
A,GB,12/31/2019,169
A,GB,12/31/2019,169
A,GB,12/31/2019,169
A,GB,12/31/2019,169
A,GB,12/31/2019,169
A,GB,12/31/2019,169
A,GB,12/31/2019,169
A,GB,12/31/2019,169
A,GB,12/31/2019,169
A,GB,1/31/2020,106
A,GB,1/31/2020,106
A,GB,1/31/2020,106
A,GB,1/31/2020,106
A,GB,1/31/2020,106
A,GB,1/31/2020,106
A,GB,1/31/2020,106
A,GB,1/31/2020,106
A,GB,1/31/2020,106
A,GB,1/31/2020,106
A,GB,1/31/2020,106
A,GB,1/31/2020,106
A,GB,1/31/2020,106
A,GB,1/31/2020,106
A,GB,1/31/2020,106
A,GB,1/31/2020,106
A,GB,2/29/2020,66
A,GB,2/29/2020,66
A,GB,2/29/2020,66
A,GB,2/29/2020,66
A,GB,2/29/2020,66
A,GB,2/29/2020,66
A,GB,2/29/2020,66
A,GB,2/29/2020,66
A,GB,2/29/2020,66
A,GB,2/29/2020,66
A,GB,2/29/2020,66
A,GB,2/29/2020,66
A,GB,2/29/2020,66
A,GB,2/29/2020,66
A,GB,2/29/2020,66
A,GB,3/31/2020,75
A,GB,3/31/2020,75
A,GB,3/31/2020,75
A,GB,3/31/2020,75
A,GB,3/31/2020,75
A,GB,3/31/2020,75
A,GB,3/31/2020,75
A,GB,3/31/2020,75
A,GB,3/31/2020,75
A,GB,3/31/2020,75
A,GB,3/31/2020,75
A,GB,3/31/2020,75
A,GB,3/31/2020,75
A,GB,3/31/2020,75
A,GB,4/30/2020,108
A,GB,4/30/2020,108
A,GB,4/30/2020,108
A,GB,4/30/2020,108
A,GB,4/30/2020,108
A,GB,4/30/2020,108
A,GB,4/30/2020,108
A,GB,4/30/2020,108
A,GB,4/30/2020,108
A,GB,4/30/2020,108
A,GB,4/30/2020,108
A,GB,4/30/2020,108
A,GB,4/30/2020,108
A,GB,5/31/2020,125
A,GB,5/31/2020,125
A,GB,5/31/2020,125
A,GB,5/31/2020,125
A,GB,5/31/2020,125
A,GB,5/31/2020,125
A,GB,5/31/2020,125
A,GB,5/31/2020,125
A,GB,5/31/2020,125
A,GB,5/31/2020,125
A,GB,5/31/2020,125
A,GB,5/31/2020,125
A,GB,6/30/2020,110
A,GB,6/30/2020,110
A,GB,6/30/2020,110
A,GB,6/30/2020,110
A,GB,6/30/2020,110
A,GB,6/30/2020,110
A,GB,6/30/2020,110
A,GB,6/30/2020,110
A,GB,6/30/2020,110
A,GB,6/30/2020,110
A,GB,6/30/2020,110
A,GB,7/31/2020,102
A,GB,7/31/2020,102
A,GB,7/31/2020,102
A,GB,7/31/2020,102
A,GB,7/31/2020,102
A,GB,7/31/2020,102
A,GB,7/31/2020,102
A,GB,7/31/2020,102
A,GB,7/31/2020,102
A,GB,7/31/2020,102
A,GB,8/31/2020,71
A,GB,8/31/2020,71
A,GB,8/31/2020,71
A,GB,8/31/2020,71
A,GB,8/31/2020,71
A,GB,8/31/2020,71
A,GB,8/31/2020,71
A,GB,8/31/2020,71
A,GB,8/31/2020,71
A,GB,9/30/2020,80
A,GB,9/30/2020,80
A,GB,9/30/2020,80
A,GB,9/30/2020,80
A,GB,9/30/2020,80
A,GB,9/30/2020,80
A,GB,9/30/2020,80
A,GB,9/30/2020,80
A,GB,10/31/2020,113
A,GB,10/31/2020,113
A,GB,10/31/2020,113
A,GB,10/31/2020,113
A,GB,10/31/2020,113
A,GB,10/31/2020,113
A,GB,10/31/2020,113
A,GB,11/30/2020,130
A,GB,11/30/2020,130
A,GB,11/30/2020,130
A,GB,11/30/2020,130
A,GB,11/30/2020,130
A,GB,11/30/2020,130
A,GB,12/31/2020,178
A,GB,12/31/2020,178
A,GB,12/31/2020,178
A,GB,12/31/2020,178
A,GB,12/31/2020,178
A,GB,1/31/2021,115
A,GB,1/31/2021,115
A,GB,1/31/2021,115
A,GB,1/31/2021,115
A,GB,2/28/2021,76
A,GB,2/28/2021,76
A,GB,2/28/2021,76
A,GB,3/31/2021,85
A,GB,3/31/2021,85
A,GB,4/30/2021,117
B,GB,1/31/2019,0
B,GB,1/31/2019,0
B,GB,1/31/2019,0
B,GB,1/31/2019,0
B,GB,1/31/2019,0
B,GB,1/31/2019,0
B,GB,1/31/2019,0
B,GB,1/31/2019,0
B,GB,1/31/2019,0
B,GB,1/31/2019,0
B,GB,1/31/2019,0
B,GB,1/31/2019,0
B,GB,1/31/2019,0
B,GB,1/31/2019,0
B,GB,1/31/2019,0
B,GB,1/31/2019,0
B,GB,1/31/2019,0
B,GB,1/31/2019,0
B,GB,1/31/2019,0
B,GB,1/31/2019,0
B,GB,1/31/2019,0
B,GB,1/31/2019,0
B,GB,1/31/2019,0
B,GB,1/31/2019,0
B,GB,1/31/2019,0
B,GB,1/31/2019,0
B,GB,1/31/2019,0
B,GB,1/31/2019,0
B,GB,2/28/2019,0
B,GB,2/28/2019,0
B,GB,2/28/2019,0
B,GB,2/28/2019,0
B,GB,2/28/2019,0
B,GB,2/28/2019,0
B,GB,2/28/2019,0
B,GB,2/28/2019,0
B,GB,2/28/2019,0
B,GB,2/28/2019,0
B,GB,2/28/2019,0
B,GB,2/28/2019,0
B,GB,2/28/2019,0
B,GB,2/28/2019,0
B,GB,2/28/2019,0
B,GB,2/28/2019,0
B,GB,2/28/2019,0
B,GB,2/28/2019,0
B,GB,2/28/2019,0
B,GB,2/28/2019,0
B,GB,2/28/2019,0
B,GB,2/28/2019,0
B,GB,2/28/2019,0
B,GB,2/28/2019,0
B,GB,2/28/2019,0
B,GB,2/28/2019,0
B,GB,2/28/2019,0
B,GB,3/31/2019,0
B,GB,3/31/2019,0
B,GB,3/31/2019,0
B,GB,3/31/2019,0
B,GB,3/31/2019,0
B,GB,3/31/2019,0
B,GB,3/31/2019,0
B,GB,3/31/2019,0
B,GB,3/31/2019,0
B,GB,3/31/2019,0
B,GB,3/31/2019,0
B,GB,3/31/2019,0
B,GB,3/31/2019,0
B,GB,3/31/2019,0
B,GB,3/31/2019,0
B,GB,3/31/2019,0
B,GB,3/31/2019,0
B,GB,3/31/2019,0
B,GB,3/31/2019,0
B,GB,3/31/2019,0
B,GB,3/31/2019,0
B,GB,3/31/2019,0
B,GB,3/31/2019,0
B,GB,3/31/2019,0
B,GB,3/31/2019,0
B,GB,3/31/2019,0
B,GB,4/30/2019,0
B,GB,4/30/2019,0
B,GB,4/30/2019,0
B,GB,4/30/2019,0
B,GB,4/30/2019,0
B,GB,4/30/2019,0
B,GB,4/30/2019,0
B,GB,4/30/2019,0
B,GB,4/30/2019,0
B,GB,4/30/2019,0
B,GB,4/30/2019,0
B,GB,4/30/2019,0
B,GB,4/30/2019,0
B,GB,4/30/2019,0
B,GB,4/30/2019,0
B,GB,4/30/2019,0
B,GB,4/30/2019,0
B,GB,4/30/2019,0
B,GB,4/30/2019,0
B,GB,4/30/2019,0
B,GB,4/30/2019,0
B,GB,4/30/2019,0
B,GB,4/30/2019,0
B,GB,4/30/2019,0
B,GB,4/30/2019,0
B,GB,5/31/2019,123
B,GB,5/31/2019,123
B,GB,5/31/2019,123
B,GB,5/31/2019,123
B,GB,5/31/2019,123
B,GB,5/31/2019,123
B,GB,5/31/2019,123
B,GB,5/31/2019,123
B,GB,5/31/2019,123
B,GB,5/31/2019,123
B,GB,5/31/2019,123
B,GB,5/31/2019,123
B,GB,5/31/2019,123
B,GB,5/31/2019,123
B,GB,5/31/2019,123
B,GB,5/31/2019,123
B,GB,5/31/2019,123
B,GB,5/31/2019,123
B,GB,5/31/2019,123
B,GB,5/31/2019,123
B,GB,5/31/2019,123
B,GB,5/31/2019,123
B,GB,5/31/2019,123
B,GB,5/31/2019,123
B,GB,6/30/2019,164
B,GB,6/30/2019,164
B,GB,6/30/2019,164
B,GB,6/30/2019,164
B,GB,6/30/2019,164
B,GB,6/30/2019,164
B,GB,6/30/2019,164
B,GB,6/30/2019,164
B,GB,6/30/2019,164
B,GB,6/30/2019,164
B,GB,6/30/2019,164
B,GB,6/30/2019,164
B,GB,6/30/2019,164
B,GB,6/30/2019,164
B,GB,6/30/2019,164
B,GB,6/30/2019,164
B,GB,6/30/2019,164
B,GB,6/30/2019,164
B,GB,6/30/2019,164
B,GB,6/30/2019,164
B,GB,6/30/2019,164
B,GB,6/30/2019,164
B,GB,6/30/2019,164
B,GB,7/31/2019,0
B,GB,7/31/2019,0
B,GB,7/31/2019,0
B,GB,7/31/2019,0
B,GB,7/31/2019,0
B,GB,7/31/2019,0
B,GB,7/31/2019,0
B,GB,7/31/2019,0
B,GB,7/31/2019,0
B,GB,7/31/2019,0
B,GB,7/31/2019,0
B,GB,7/31/2019,0
B,GB,7/31/2019,0
B,GB,7/31/2019,0
B,GB,7/31/2019,0
B,GB,7/31/2019,0
B,GB,7/31/2019,0
B,GB,7/31/2019,0
B,GB,7/31/2019,0
B,GB,7/31/2019,0
B,GB,7/31/2019,0
B,GB,7/31/2019,0
B,GB,8/31/2019,0
B,GB,8/31/2019,0
B,GB,8/31/2019,0
B,GB,8/31/2019,0
B,GB,8/31/2019,0
B,GB,8/31/2019,0
B,GB,8/31/2019,0
B,GB,8/31/2019,0
B,GB,8/31/2019,0
B,GB,8/31/2019,0
B,GB,8/31/2019,0
B,GB,8/31/2019,0
B,GB,8/31/2019,0
B,GB,8/31/2019,0
B,GB,8/31/2019,0
B,GB,8/31/2019,0
B,GB,8/31/2019,0
B,GB,8/31/2019,0
B,GB,8/31/2019,0
B,GB,8/31/2019,0
B,GB,8/31/2019,0
B,GB,9/30/2019,0
B,GB,9/30/2019,0
B,GB,9/30/2019,0
B,GB,9/30/2019,0
B,GB,9/30/2019,0
B,GB,9/30/2019,0
B,GB,9/30/2019,0
B,GB,9/30/2019,0
B,GB,9/30/2019,0
B,GB,9/30/2019,0
B,GB,9/30/2019,0
B,GB,9/30/2019,0
B,GB,9/30/2019,0
B,GB,9/30/2019,0
B,GB,9/30/2019,0
B,GB,9/30/2019,0
B,GB,9/30/2019,0
B,GB,9/30/2019,0
B,GB,9/30/2019,0
B,GB,9/30/2019,0
B,GB,10/31/2019,0
B,GB,10/31/2019,0
B,GB,10/31/2019,0
B,GB,10/31/2019,0
B,GB,10/31/2019,0
B,GB,10/31/2019,0
B,GB,10/31/2019,0
B,GB,10/31/2019,0
B,GB,10/31/2019,0
B,GB,10/31/2019,0
B,GB,10/31/2019,0
B,GB,10/31/2019,0
B,GB,10/31/2019,0
B,GB,10/31/2019,0
B,GB,10/31/2019,0
B,GB,10/31/2019,0
B,GB,10/31/2019,0
B,GB,10/31/2019,0
B,GB,10/31/2019,0
B,GB,11/30/2019,128
B,GB,11/30/2019,128
B,GB,11/30/2019,128
B,GB,11/30/2019,128
B,GB,11/30/2019,128
B,GB,11/30/2019,128
B,GB,11/30/2019,128
B,GB,11/30/2019,128
B,GB,11/30/2019,128
B,GB,11/30/2019,128
B,GB,11/30/2019,128
B,GB,11/30/2019,128
B,GB,11/30/2019,128
B,GB,11/30/2019,128
B,GB,11/30/2019,128
B,GB,11/30/2019,128
B,GB,11/30/2019,128
B,GB,11/30/2019,128
B,GB,12/31/2019,189
B,GB,12/31/2019,189
B,GB,12/31/2019,189
B,GB,12/31/2019,189
B,GB,12/31/2019,189
B,GB,12/31/2019,189
B,GB,12/31/2019,189
B,GB,12/31/2019,189
B,GB,12/31/2019,189
B,GB,12/31/2019,189
B,GB,12/31/2019,189
B,GB,12/31/2019,189
B,GB,12/31/2019,189
B,GB,12/31/2019,189
B,GB,12/31/2019,189
B,GB,12/31/2019,189
B,GB,12/31/2019,189
B,GB,1/31/2020,0
B,GB,1/31/2020,0
B,GB,1/31/2020,0
B,GB,1/31/2020,0
B,GB,1/31/2020,0
B,GB,1/31/2020,0
B,GB,1/31/2020,0
B,GB,1/31/2020,0
B,GB,1/31/2020,0
B,GB,1/31/2020,0
B,GB,1/31/2020,0
B,GB,1/31/2020,0
B,GB,1/31/2020,0
B,GB,1/31/2020,0
B,GB,1/31/2020,0
B,GB,1/31/2020,0
B,GB,2/29/2020,0
B,GB,2/29/2020,0
B,GB,2/29/2020,0
B,GB,2/29/2020,0
B,GB,2/29/2020,0
B,GB,2/29/2020,0
B,GB,2/29/2020,0
B,GB,2/29/2020,0
B,GB,2/29/2020,0
B,GB,2/29/2020,0
B,GB,2/29/2020,0
B,GB,2/29/2020,0
B,GB,2/29/2020,0
B,GB,2/29/2020,0
B,GB,2/29/2020,0
B,GB,3/31/2020,0
B,GB,3/31/2020,0
B,GB,3/31/2020,0
B,GB,3/31/2020,0
B,GB,3/31/2020,0
B,GB,3/31/2020,0
B,GB,3/31/2020,0
B,GB,3/31/2020,0
B,GB,3/31/2020,0
B,GB,3/31/2020,0
B,GB,3/31/2020,0
B,GB,3/31/2020,0
B,GB,3/31/2020,0
B,GB,3/31/2020,0
B,GB,4/30/2020,0
B,GB,4/30/2020,0
B,GB,4/30/2020,0
B,GB,4/30/2020,0
B,GB,4/30/2020,0
B,GB,4/30/2020,0
B,GB,4/30/2020,0
B,GB,4/30/2020,0
B,GB,4/30/2020,0
B,GB,4/30/2020,0
B,GB,4/30/2020,0
B,GB,4/30/2020,0
B,GB,4/30/2020,0
B,GB,5/31/2020,133
B,GB,5/31/2020,133
B,GB,5/31/2020,133
B,GB,5/31/2020,133
B,GB,5/31/2020,133
B,GB,5/31/2020,133
B,GB,5/31/2020,133
B,GB,5/31/2020,133
B,GB,5/31/2020,133
B,GB,5/31/2020,133
B,GB,5/31/2020,133
B,GB,5/31/2020,133
B,GB,6/30/2020,174
B,GB,6/30/2020,174
B,GB,6/30/2020,174
B,GB,6/30/2020,174
B,GB,6/30/2020,174
B,GB,6/30/2020,174
B,GB,6/30/2020,174
B,GB,6/30/2020,174
B,GB,6/30/2020,174
B,GB,6/30/2020,174
B,GB,6/30/2020,174
B,GB,7/31/2020,0
B,GB,7/31/2020,0
B,GB,7/31/2020,0
B,GB,7/31/2020,0
B,GB,7/31/2020,0
B,GB,7/31/2020,0
B,GB,7/31/2020,0
B,GB,7/31/2020,0
B,GB,7/31/2020,0
B,GB,7/31/2020,0
B,GB,8/31/2020,0
B,GB,8/31/2020,0
B,GB,8/31/2020,0
B,GB,8/31/2020,0
B,GB,8/31/2020,0
B,GB,8/31/2020,0
B,GB,8/31/2020,0
B,GB,8/31/2020,0
B,GB,8/31/2020,0
B,GB,9/30/2020,0
B,GB,9/30/2020,0
B,GB,9/30/2020,0
B,GB,9/30/2020,0
B,GB,9/30/2020,0
B,GB,9/30/2020,0
B,GB,9/30/2020,0
B,GB,9/30/2020,0
B,GB,10/31/2020,0
B,GB,10/31/2020,0
B,GB,10/31/2020,0
B,GB,10/31/2020,0
B,GB,10/31/2020,0
B,GB,10/31/2020,0
B,GB,10/31/2020,0
B,GB,11/30/2020,138
B,GB,11/30/2020,138
B,GB,11/30/2020,138
B,GB,11/30/2020,138
B,GB,11/30/2020,138
B,GB,11/30/2020,138
B,GB,12/31/2020,198
B,GB,12/31/2020,198
B,GB,12/31/2020,198
B,GB,12/31/2020,198
B,GB,12/31/2020,198
B,GB,1/31/2021,0
B,GB,1/31/2021,0
B,GB,1/31/2021,0
B,GB,1/31/2021,0
B,GB,2/28/2021,0
B,GB,2/28/2021,0
B,GB,2/28/2021,0
B,GB,3/31/2021,0
B,GB,3/31/2021,0
B,GB,4/30/2021,0
C,GB,1/31/2019,40
C,GB,1/31/2019,40
C,GB,1/31/2019,40
C,GB,1/31/2019,40
C,GB,1/31/2019,40
C,GB,1/31/2019,40
C,GB,1/31/2019,40
C,GB,1/31/2019,40
C,GB,1/31/2019,40
C,GB,1/31/2019,40
C,GB,1/31/2019,40
C,GB,1/31/2019,40
C,GB,1/31/2019,40
C,GB,1/31/2019,40
C,GB,1/31/2019,40
C,GB,1/31/2019,40
C,GB,1/31/2019,40
C,GB,1/31/2019,40
C,GB,1/31/2019,40
C,GB,1/31/2019,40
C,GB,1/31/2019,40
C,GB,1/31/2019,40
C,GB,1/31/2019,40
C,GB,1/31/2019,40
C,GB,1/31/2019,40
C,GB,1/31/2019,40
C,GB,1/31/2019,40
C,GB,1/31/2019,40
C,GB,2/28/2019,41
C,GB,2/28/2019,41
C,GB,2/28/2019,41
C,GB,2/28/2019,41
C,GB,2/28/2019,41
C,GB,2/28/2019,41
C,GB,2/28/2019,41
C,GB,2/28/2019,41
C,GB,2/28/2019,41
C,GB,2/28/2019,41
C,GB,2/28/2019,41
C,GB,2/28/2019,41
C,GB,2/28/2019,41
C,GB,2/28/2019,41
C,GB,2/28/2019,41
C,GB,2/28/2019,41
C,GB,2/28/2019,41
C,GB,2/28/2019,41
C,GB,2/28/2019,41
C,GB,2/28/2019,41
C,GB,2/28/2019,41
C,GB,2/28/2019,41
C,GB,2/28/2019,41
C,GB,2/28/2019,41
C,GB,2/28/2019,41
C,GB,2/28/2019,41
C,GB,2/28/2019,41
C,GB,3/31/2019,42
C,GB,3/31/2019,42
C,GB,3/31/2019,42
C,GB,3/31/2019,42
C,GB,3/31/2019,42
C,GB,3/31/2019,42
C,GB,3/31/2019,42
C,GB,3/31/2019,42
C,GB,3/31/2019,42
C,GB,3/31/2019,42
C,GB,3/31/2019,42
C,GB,3/31/2019,42
C,GB,3/31/2019,42
C,GB,3/31/2019,42
C,GB,3/31/2019,42
C,GB,3/31/2019,42
C,GB,3/31/2019,42
C,GB,3/31/2019,42
C,GB,3/31/2019,42
C,GB,3/31/2019,42
C,GB,3/31/2019,42
C,GB,3/31/2019,42
C,GB,3/31/2019,42
C,GB,3/31/2019,42
C,GB,3/31/2019,42
C,GB,3/31/2019,42
C,GB,4/30/2019,42
C,GB,4/30/2019,42
C,GB,4/30/2019,42
C,GB,4/30/2019,42
C,GB,4/30/2019,42
C,GB,4/30/2019,42
C,GB,4/30/2019,42
C,GB,4/30/2019,42
C,GB,4/30/2019,42
C,GB,4/30/2019,42
C,GB,4/30/2019,42
C,GB,4/30/2019,42
C,GB,4/30/2019,42
C,GB,4/30/2019,42
C,GB,4/30/2019,42
C,GB,4/30/2019,42
C,GB,4/30/2019,42
C,GB,4/30/2019,42
C,GB,4/30/2019,42
C,GB,4/30/2019,42
C,GB,4/30/2019,42
C,GB,4/30/2019,42
C,GB,4/30/2019,42
C,GB,4/30/2019,42
C,GB,4/30/2019,42
C,GB,5/31/2019,43
C,GB,5/31/2019,43
C,GB,5/31/2019,43
C,GB,5/31/2019,43
C,GB,5/31/2019,43
C,GB,5/31/2019,43
C,GB,5/31/2019,43
C,GB,5/31/2019,43
C,GB,5/31/2019,43
C,GB,5/31/2019,43
C,GB,5/31/2019,43
C,GB,5/31/2019,43
C,GB,5/31/2019,43
C,GB,5/31/2019,43
C,GB,5/31/2019,43
C,GB,5/31/2019,43
C,GB,5/31/2019,43
C,GB,5/31/2019,43
C,GB,5/31/2019,43
C,GB,5/31/2019,43
C,GB,5/31/2019,43
C,GB,5/31/2019,43
C,GB,5/31/2019,43
C,GB,5/31/2019,43
C,GB,6/30/2019,44
C,GB,6/30/2019,44
C,GB,6/30/2019,44
C,GB,6/30/2019,44
C,GB,6/30/2019,44
C,GB,6/30/2019,44
C,GB,6/30/2019,44
C,GB,6/30/2019,44
C,GB,6/30/2019,44
C,GB,6/30/2019,44
C,GB,6/30/2019,44
C,GB,6/30/2019,44
C,GB,6/30/2019,44
C,GB,6/30/2019,44
C,GB,6/30/2019,44
C,GB,6/30/2019,44
C,GB,6/30/2019,44
C,GB,6/30/2019,44
C,GB,6/30/2019,44
C,GB,6/30/2019,44
C,GB,6/30/2019,44
C,GB,6/30/2019,44
C,GB,6/30/2019,44
C,GB,7/31/2019,45
C,GB,7/31/2019,45
C,GB,7/31/2019,45
C,GB,7/31/2019,45
C,GB,7/31/2019,45
C,GB,7/31/2019,45
C,GB,7/31/2019,45
C,GB,7/31/2019,45
C,GB,7/31/2019,45
C,GB,7/31/2019,45
C,GB,7/31/2019,45
C,GB,7/31/2019,45
C,GB,7/31/2019,45
C,GB,7/31/2019,45
C,GB,7/31/2019,45
C,GB,7/31/2019,45
C,GB,7/31/2019,45
C,GB,7/31/2019,45
C,GB,7/31/2019,45
C,GB,7/31/2019,45
C,GB,7/31/2019,45
C,GB,7/31/2019,45
C,GB,8/31/2019,46
C,GB,8/31/2019,46
C,GB,8/31/2019,46
C,GB,8/31/2019,46
C,GB,8/31/2019,46
C,GB,8/31/2019,46
C,GB,8/31/2019,46
C,GB,8/31/2019,46
C,GB,8/31/2019,46
C,GB,8/31/2019,46
C,GB,8/31/2019,46
C,GB,8/31/2019,46
C,GB,8/31/2019,46
C,GB,8/31/2019,46
C,GB,8/31/2019,46
C,GB,8/31/2019,46
C,GB,8/31/2019,46
C,GB,8/31/2019,46
C,GB,8/31/2019,46
C,GB,8/31/2019,46
C,GB,8/31/2019,46
C,GB,9/30/2019,46
C,GB,9/30/2019,46
C,GB,9/30/2019,46
C,GB,9/30/2019,46
C,GB,9/30/2019,46
C,GB,9/30/2019,46
C,GB,9/30/2019,46
C,GB,9/30/2019,46
C,GB,9/30/2019,46
C,GB,9/30/2019,46
C,GB,9/30/2019,46
C,GB,9/30/2019,46
C,GB,9/30/2019,46
C,GB,9/30/2019,46
C,GB,9/30/2019,46
C,GB,9/30/2019,46
C,GB,9/30/2019,46
C,GB,9/30/2019,46
C,GB,9/30/2019,46
C,GB,9/30/2019,46
C,GB,10/31/2019,47
C,GB,10/31/2019,47
C,GB,10/31/2019,47
C,GB,10/31/2019,47
C,GB,10/31/2019,47
C,GB,10/31/2019,47
C,GB,10/31/2019,47
C,GB,10/31/2019,47
C,GB,10/31/2019,47
C,GB,10/31/2019,47
C,GB,10/31/2019,47
C,GB,10/31/2019,47
C,GB,10/31/2019,47
C,GB,10/31/2019,47
C,GB,10/31/2019,47
C,GB,10/31/2019,47
C,GB,10/31/2019,47
C,GB,10/31/2019,47
C,GB,10/31/2019,47
C,GB,11/30/2019,48
C,GB,11/30/2019,48
C,GB,11/30/2019,48
C,GB,11/30/2019,48
C,GB,11/30/2019,48
C,GB,11/30/2019,48
C,GB,11/30/2019,48
C,GB,11/30/2019,48
C,GB,11/30/2019,48
C,GB,11/30/2019,48
C,GB,11/30/2019,48
C,GB,11/30/2019,48
C,GB,11/30/2019,48
C,GB,11/30/2019,48
C,GB,11/30/2019,48
C,GB,11/30/2019,48
C,GB,11/30/2019,48
C,GB,11/30/2019,48
C,GB,12/31/2019,49
C,GB,12/31/2019,49
C,GB,12/31/2019,49
C,GB,12/31/2019,49
C,GB,12/31/2019,49
C,GB,12/31/2019,49
C,GB,12/31/2019,49
C,GB,12/31/2019,49
C,GB,12/31/2019,49
C,GB,12/31/2019,49
C,GB,12/31/2019,49
C,GB,12/31/2019,49
C,GB,12/31/2019,49
C,GB,12/31/2019,49
C,GB,12/31/2019,49
C,GB,12/31/2019,49
C,GB,12/31/2019,49
C,GB,1/31/2020,50
C,GB,1/31/2020,50
C,GB,1/31/2020,50
C,GB,1/31/2020,50
C,GB,1/31/2020,50
C,GB,1/31/2020,50
C,GB,1/31/2020,50
C,GB,1/31/2020,50
C,GB,1/31/2020,50
C,GB,1/31/2020,50
C,GB,1/31/2020,50
C,GB,1/31/2020,50
C,GB,1/31/2020,50
C,GB,1/31/2020,50
C,GB,1/31/2020,50
C,GB,1/31/2020,50
C,GB,2/29/2020,50
C,GB,2/29/2020,50
C,GB,2/29/2020,50
C,GB,2/29/2020,50
C,GB,2/29/2020,50
C,GB,2/29/2020,50
C,GB,2/29/2020,50
C,GB,2/29/2020,50
C,GB,2/29/2020,50
C,GB,2/29/2020,50
C,GB,2/29/2020,50
C,GB,2/29/2020,50
C,GB,2/29/2020,50
C,GB,2/29/2020,50
C,GB,2/29/2020,50
C,GB,3/31/2020,51
C,GB,3/31/2020,51
C,GB,3/31/2020,51
C,GB,3/31/2020,51
C,GB,3/31/2020,51
C,GB,3/31/2020,51
C,GB,3/31/2020,51
C,GB,3/31/2020,51
C,GB,3/31/2020,51
C,GB,3/31/2020,51
C,GB,3/31/2020,51
C,GB,3/31/2020,51
C,GB,3/31/2020,51
C,GB,3/31/2020,51
C,GB,4/30/2020,52
C,GB,4/30/2020,52
C,GB,4/30/2020,52
C,GB,4/30/2020,52
C,GB,4/30/2020,52
C,GB,4/30/2020,52
C,GB,4/30/2020,52
C,GB,4/30/2020,52
C,GB,4/30/2020,52
C,GB,4/30/2020,52
C,GB,4/30/2020,52
C,GB,4/30/2020,52
C,GB,4/30/2020,52
C,GB,5/31/2020,53
C,GB,5/31/2020,53
C,GB,5/31/2020,53
C,GB,5/31/2020,53
C,GB,5/31/2020,53
C,GB,5/31/2020,53
C,GB,5/31/2020,53
C,GB,5/31/2020,53
C,GB,5/31/2020,53
C,GB,5/31/2020,53
C,GB,5/31/2020,53
C,GB,5/31/2020,53
C,GB,6/30/2020,54
C,GB,6/30/2020,54
C,GB,6/30/2020,54
C,GB,6/30/2020,54
C,GB,6/30/2020,54
C,GB,6/30/2020,54
C,GB,6/30/2020,54
C,GB,6/30/2020,54
C,GB,6/30/2020,54
C,GB,6/30/2020,54
C,GB,6/30/2020,54
C,GB,7/31/2020,54
C,GB,7/31/2020,54
C,GB,7/31/2020,54
C,GB,7/31/2020,54
C,GB,7/31/2020,54
C,GB,7/31/2020,54
C,GB,7/31/2020,54
C,GB,7/31/2020,54
C,GB,7/31/2020,54
C,GB,7/31/2020,54
C,GB,8/31/2020,55
C,GB,8/31/2020,55
C,GB,8/31/2020,55
C,GB,8/31/2020,55
C,GB,8/31/2020,55
C,GB,8/31/2020,55
C,GB,8/31/2020,55
C,GB,8/31/2020,55
C,GB,8/31/2020,55
C,GB,9/30/2020,56
C,GB,9/30/2020,56
C,GB,9/30/2020,56
C,GB,9/30/2020,56
C,GB,9/30/2020,56
C,GB,9/30/2020,56
C,GB,9/30/2020,56
C,GB,9/30/2020,56
C,GB,10/31/2020,57
C,GB,10/31/2020,57
C,GB,10/31/2020,57
C,GB,10/31/2020,57
C,GB,10/31/2020,57
C,GB,10/31/2020,57
C,GB,10/31/2020,57
C,GB,11/30/2020,58
C,GB,11/30/2020,58
C,GB,11/30/2020,58
C,GB,11/30/2020,58
C,GB,11/30/2020,58
C,GB,11/30/2020,58
C,GB,12/31/2020,58
C,GB,12/31/2020,58
C,GB,12/31/2020,58
C,GB,12/31/2020,58
C,GB,12/31/2020,58
C,GB,1/31/2021,59
C,GB,1/31/2021,59
C,GB,1/31/2021,59
C,GB,1/31/2021,59
C,GB,2/28/2021,60
C,GB,2/28/2021,60
C,GB,2/28/2021,60
C,GB,3/31/2021,61
C,GB,3/31/2021,61
C,GB,4/30/2021,62
